"","Group","NoPlots","TotalSpp","NonrareSpp","ConstSpp","Poor"
"1","$At-Calarub",23,171,36,8,"OK"
"2","Act_forest",9,137,55,2,"Poor"
"3","Aspen",34,244,25,1,"Poor"
"4","Aspen poor quality",1,17,17,17,"Poor"
"5","At - Bluejoint",2,51,51,16,"Poor"
"6","At_forest",105,278,49,11,"OK"
"7","BG  xh 1 /102",21,106,54,25,"OK"
"8","BG  xh 1 /103",3,52,52,18,"Poor"
"9","BG  xh 1 /110",3,68,68,51,"Poor"
"10","BG  xh 1 /Fm01",2,23,23,4,"Poor"
"11","BG  xh 2 /102",5,48,18,7,"OK"
"12","BG  xh 2 /110",4,57,57,10,"Poor"
"13","BG  xh 2 /111",2,28,28,7,"Poor"
"14","BG  xh 2 /Fl06",1,3,3,3,"Poor"
"15","BG  xh 2 /Fm01",3,35,35,3,"Poor"
"16","BG  xh 3 /110",3,44,44,21,"Poor"
"17","BG  xh 3 /111",4,75,75,12,"Poor"
"18","BG  xh 3 /Ff01",3,29,29,9,"Poor"
"19","BG  xh 3 /Fl06",2,17,17,2,"Poor"
"20","BG  xw 1 /102",5,63,22,7,"OK"
"21","BG  xw 1 /110",3,51,51,16,"Poor"
"22","BG  xw 1 /111",6,56,22,8,"OK"
"23","BG  xw 1 /112",1,22,22,22,"Poor"
"24","BG  xw 1 /112$6B.1",2,34,34,6,"Poor"
"25","BG  xw 1 /Fl06",2,15,15,2,"Poor"
"26","BG  xw 1 /Fm01",3,36,36,12,"Poor"
"27","BG  xw 1 /Fm05",1,29,29,29,"Poor"
"28","BG  xw 1 /Ws03",1,23,23,23,"Poor"
"29","BG  xw 2 /110",10,93,33,15,"OK"
"30","BG  xw 2 /111",13,88,30,9,"OK"
"31","BG  xw 2 /113",3,49,49,20,"Poor"
"32","BG  xw 2 /114",7,77,39,8,"OK"
"33","BG  xw 2 /115",8,57,29,6,"OK"
"34","BG  xw 2 /Ff01",2,41,41,9,"Poor"
"35","BWBSdk   /101",97,198,33,12,"OK"
"36","BWBSdk   /101$6B.1",27,138,30,11,"OK"
"37","BWBSdk   /102",27,122,38,12,"OK"
"38","BWBSdk   /103",36,136,36,12,"OK"
"39","BWBSdk   /103$6B.1",5,50,24,16,"OK"
"40","BWBSdk   /104",68,173,37,10,"OK"
"41","BWBSdk   /110",15,118,26,10,"OK"
"42","BWBSdk   /110$6B.1",4,70,70,23,"Poor"
"43","BWBSdk   /111",15,110,32,15,"OK"
"44","BWBSdk   /At-Festalt",4,35,35,11,"Poor"
"45","BWBSdk   /Fl01",4,30,30,3,"Poor"
"46","BWBSdk   /Fl03",2,20,20,1,"Poor"
"47","BWBSdk   /Wb09",21,121,39,13,"OK"
"48","BWBSdk   /Wb11",1,27,27,27,"Poor"
"49","BWBSdk   /Ws15",3,60,60,17,"Poor"
"50","BWBSmk   /101",101,186,32,9,"OK"
"51","BWBSmk   /101$6B.1",14,70,37,13,"OK"
"52","BWBSmk   /101$6B.2",6,53,29,11,"OK"
"53","BWBSmk   /102",17,101,35,15,"OK"
"54","BWBSmk   /103",17,101,30,11,"OK"
"55","BWBSmk   /103$6B.1",14,92,36,7,"OK"
"56","BWBSmk   /104",107,195,27,8,"OK"
"57","BWBSmk   /104$6B.1",11,89,26,13,"OK"
"58","BWBSmk   /110",11,98,33,11,"OK"
"59","BWBSmk   /110$6B.1",5,59,31,19,"OK"
"60","BWBSmk   /111",47,188,41,12,"OK"
"61","BWBSmk   /At-Festalt",1,25,25,25,"Poor"
"62","BWBSmk   /Fl05",1,9,9,9,"Poor"
"63","BWBSmk   /Fl06",6,24,9,4,"Poor"
"64","BWBSmk   /Wb03",31,117,26,11,"OK"
"65","BWBSmk   /Wb03.1",11,36,18,10,"OK"
"66","BWBSmk   /Wb03.2",9,53,27,8,"OK"
"67","BWBSmk   /Wb05",4,64,64,11,"Poor"
"68","BWBSmk   /Wb06",13,150,43,11,"OK"
"69","BWBSmk   /Wb09",4,85,85,17,"Poor"
"70","BWBSmk   /Wb12",1,16,16,16,"Poor"
"71","BWBSmk   /Wb14",7,34,19,7,"OK"
"72","BWBSmk   /Ws07",1,29,29,29,"Poor"
"73","BWBSmk   /Ws14",9,79,45,5,"OK"
"74","BWBSmk   /Ws15",7,93,56,15,"OK"
"75","BWBSmw   /101",47,164,50,15,"OK"
"76","BWBSmw   /101$6B.1",85,185,48,21,"OK"
"77","BWBSmw   /102",3,47,47,17,"Poor"
"78","BWBSmw   /102-mixed",6,86,49,23,"OK"
"79","BWBSmw   /103",25,156,46,17,"OK"
"80","BWBSmw   /103$6B.1",20,117,48,18,"OK"
"81","BWBSmw   /104",31,159,37,11,"OK"
"82","BWBSmw   /104$6B.1",9,94,51,25,"OK"
"83","BWBSmw   /110",8,95,58,23,"OK"
"84","BWBSmw   /110$6B.1",4,72,72,20,"Poor"
"85","BWBSmw   /111",37,208,49,15,"OK"
"86","BWBSmw   /111$6B.1",37,135,53,23,"OK"
"87","BWBSmw   /111$6B.2",6,72,44,19,"OK"
"88","BWBSmw   /Wb01",2,18,18,10,"Poor"
"89","BWBSmw   /Wb03",5,42,16,11,"OK"
"90","BWBSmw   /Wb05",2,32,32,12,"Poor"
"91","BWBSmw   /Wb06",15,93,22,8,"OK"
"92","BWBSmw   /Wb09",13,118,40,7,"OK"
"93","BWBSmw   /Ws14",2,26,26,3,"Poor"
"94","BWBSmw   /Ws15",1,29,29,29,"Poor"
"95","BWBSwk 1 /101",11,93,40,17,"OK"
"96","BWBSwk 1 /101$6B.1",7,89,46,18,"OK"
"97","BWBSwk 1 /102",6,52,29,10,"OK"
"98","BWBSwk 1 /103",7,62,37,11,"OK"
"99","BWBSwk 1 /103$6B.1",4,78,78,15,"Poor"
"100","BWBSwk 1 /104",25,109,30,11,"OK"
"101","BWBSwk 1 /104$6B.1",4,77,77,16,"Poor"
"102","BWBSwk 1 /110",6,73,37,22,"OK"
"103","BWBSwk 1 /110$6B.1",5,79,49,26,"OK"
"104","BWBSwk 1 /110$6B.2",3,60,60,33,"Poor"
"105","BWBSwk 1 /111",8,97,45,15,"OK"
"106","BWBSwk 1 /Wb06",5,67,32,18,"OK"
"107","BWBSwk 1 /Wb09",2,29,29,7,"Poor"
"108","BWBSwk 2 /101",17,112,41,12,"OK"
"109","BWBSwk 2 /101$6B.1",5,64,35,26,"OK"
"110","BWBSwk 2 /102",3,49,49,20,"Poor"
"111","BWBSwk 2 /103",11,116,44,13,"OK"
"112","BWBSwk 2 /103$6B.1",4,42,42,21,"Poor"
"113","BWBSwk 2 /104",12,96,37,12,"OK"
"114","BWBSwk 2 /104$6B.1",4,58,58,22,"Poor"
"115","BWBSwk 2 /110",5,70,39,28,"OK"
"116","BWBSwk 2 /110$6B.1",4,57,57,24,"Poor"
"117","BWBSwk 2 /111",11,128,47,18,"OK"
"118","BWBSwk 2 /111$6B.1",3,74,74,30,"Poor"
"119","BWBSwk 3 /101",7,63,43,16,"OK"
"120","BWBSwk 3 /102",6,40,23,10,"OK"
"121","BWBSwk 3 /103",19,83,34,12,"OK"
"122","BWBSwk 3 /110",6,84,34,13,"OK"
"123","BWBSwk 3 /111",3,42,42,12,"Poor"
"124","CDF mm   /01",157,183,17,4,"Poor"
"125","CDF mm   /02",70,213,18,2,"Poor"
"126","CDF mm   /03",21,136,24,2,"Poor"
"127","CDF mm   /04",60,140,16,3,"Poor"
"128","CDF mm   /06",63,117,17,5,"OK"
"129","CDF mm   /102Quergar-Holodic",6,38,21,13,"OK"
"130","CDF mm   /103Quergar-Camas",2,34,34,14,"Poor"
"131","CDF mm   /10Wb50",2,15,15,6,"Poor"
"132","CDF mm   /12",15,54,16,7,"OK"
"133","CDF mm   /13",16,75,17,6,"OK"
"134","CDF mm   /Ws51",1,27,27,27,"Poor"
"135","CDF mm   /Ws52",2,52,52,5,"Poor"
"136","CWH dm   /01",118,146,19,9,"OK"
"137","CWH dm   /02",11,64,20,7,"OK"
"138","CWH dm   /03",66,139,17,10,"OK"
"139","CWH dm   /04",10,43,14,10,"OK"
"140","CWH dm   /05",84,161,31,9,"OK"
"141","CWH dm   /06",37,103,24,11,"OK"
"142","CWH dm   /07",93,221,35,11,"OK"
"143","CWH dm   /07$ActDr",5,86,53,31,"OK"
"144","CWH dm   /08",20,96,31,10,"OK"
"145","CWH dm   /10",4,35,35,3,"Poor"
"146","CWH dm   /12",26,149,18,5,"OK"
"147","CWH ds 1 /01",71,154,32,8,"OK"
"148","CWH ds 1 /02",8,75,31,4,"Poor"
"149","CWH ds 1 /03",53,142,22,6,"OK"
"150","CWH ds 1 /05",20,100,31,6,"OK"
"151","CWH ds 1 /06",4,54,54,14,"Poor"
"152","CWH ds 1 /07",22,117,43,10,"OK"
"153","CWH ds 1 /08",3,43,43,9,"Poor"
"154","CWH ds 1 /09Fm50",13,83,40,10,"OK"
"155","CWH ds 1 /10",2,33,33,3,"Poor"
"156","CWH ds 2 /01",37,95,23,6,"OK"
"157","CWH ds 2 /03",21,72,19,11,"OK"
"158","CWH ds 2 /06",2,39,39,10,"Poor"
"159","CWH ds 2 /07",5,67,31,24,"OK"
"160","CWH ds 2 /12",1,14,14,14,"Poor"
"161","CWH mm 1 /01",2,31,31,7,"Poor"
"162","CWH mm 1 /Es02",3,51,51,24,"Poor"
"163","CWH mm 1 /Ws51",2,32,32,13,"Poor"
"164","CWH mm 2 /01",45,123,32,9,"OK"
"165","CWH mm 2 /02",5,49,28,16,"OK"
"166","CWH mm 2 /03",12,65,18,7,"OK"
"167","CWH mm 2 /04",6,74,39,16,"OK"
"168","CWH mm 2 /05",2,27,27,10,"Poor"
"169","CWH mm 2 /07",2,28,28,5,"Poor"
"170","CWH mm 2 /08",15,111,36,17,"OK"
"171","CWH ms 1 /01",162,197,26,6,"OK"
"172","CWH ms 1 /03",46,127,27,9,"OK"
"173","CWH ms 1 /04",34,127,39,9,"OK"
"174","CWH ms 1 /05",10,67,28,16,"OK"
"175","CWH ms 1 /06",23,112,36,7,"OK"
"176","CWH ms 1 /11",5,58,23,16,"OK"
"177","CWH ms 2 /01",132,105,20,8,"OK"
"178","CWH ms 2 /02",9,45,25,7,"OK"
"179","CWH ms 2 /03",21,51,12,7,"OK"
"180","CWH ms 2 /04",39,105,28,9,"OK"
"181","CWH ms 2 /05",6,62,23,6,"OK"
"182","CWH ms 2 /06",47,115,29,14,"OK"
"183","CWH ms 2 /07",19,87,31,10,"OK"
"184","CWH ms 2 /08Fm50",8,72,42,14,"OK"
"185","CWH ms 2 /11",2,21,21,6,"Poor"
"186","CWH vh 1 /01",4,50,50,12,"Poor"
"187","CWH vh 1 /02",3,35,35,20,"Poor"
"188","CWH vh 1 /03",1,18,18,18,"Poor"
"189","CWH vh 1 /05",1,12,12,12,"Poor"
"190","CWH vh 1 /07",2,24,24,8,"Poor"
"191","CWH vh 1 /11",1,8,8,8,"Poor"
"192","CWH vh 1 /12",1,19,19,19,"Poor"
"193","CWH vh 1 /13",2,30,30,5,"Poor"
"194","CWH vh 1 /CwYcPl - Careobn",4,34,34,12,"Poor"
"195","CWH vh 2 /01",232,180,30,10,"OK"
"196","CWH vh 2 /01a",3,24,24,13,"Poor"
"197","CWH vh 2 /01b",7,51,25,9,"OK"
"198","CWH vh 2 /01c",2,29,29,13,"Poor"
"199","CWH vh 2 /02",34,110,40,12,"OK"
"200","CWH vh 2 /03",60,116,27,10,"OK"
"201","CWH vh 2 /04",121,134,34,11,"OK"
"202","CWH vh 2 /04b",2,19,19,5,"Poor"
"203","CWH vh 2 /05",21,92,31,17,"OK"
"204","CWH vh 2 /06",94,176,38,14,"OK"
"205","CWH vh 2 /07",61,116,34,11,"OK"
"206","CWH vh 2 /08",10,58,29,13,"OK"
"207","CWH vh 2 /11",108,161,36,14,"OK"
"208","CWH vh 2 /12",39,108,33,8,"OK"
"209","CWH vh 2 /12Wb1",13,104,63,29,"OK"
"210","CWH vh 2 /13",41,117,39,17,"OK"
"211","CWH vh 2 /13a",5,51,27,15,"OK"
"212","CWH vh 2 /14",9,31,19,6,"OK"
"213","CWH vh 2 /Wb2",7,118,63,25,"OK"
"214","CWH vh 2 /Wb51",7,68,44,25,"OK"
"215","CWH vh 2 /Wb52a",21,117,58,26,"OK"
"216","CWH vh 2 /Wb52b",3,48,48,32,"Poor"
"217","CWH vh 2 /Wb52c",4,49,49,28,"Poor"
"218","CWH vh 2 /Wb53",9,94,69,26,"OK"
"219","CWH vh 3 /101a",82,136,32,14,"OK"
"220","CWH vh 3 /101b",37,98,28,14,"OK"
"221","CWH vh 3 /101c",12,56,28,8,"OK"
"222","CWH vh 3 /102",15,90,37,13,"OK"
"223","CWH vh 3 /103 .1",9,56,30,9,"OK"
"224","CWH vh 3 /103 .2",18,92,23,4,"Poor"
"225","CWH vh 3 /104",6,37,21,10,"OK"
"226","CWH vh 3 /105",28,73,27,12,"OK"
"227","CWH vh 3 /106",16,88,37,13,"OK"
"228","CWH vh 3 /110a",33,106,36,16,"OK"
"229","CWH vh 3 /110b",12,60,35,11,"OK"
"230","CWH vh 3 /111",19,93,36,10,"OK"
"231","CWH vh 3 /112",8,65,38,14,"OK"
"232","CWH vh 3 /113",2,27,27,6,"Poor"
"233","CWH vh 3 /114",6,63,35,20,"OK"
"234","CWH vh 3 /115",28,136,48,16,"OK"
"235","CWH vh 3 /116",2,24,24,6,"Poor"
"236","CWH vh 3 /117",12,95,41,13,"OK"
"237","CWH vh 3 /Wb53.1",7,76,41,12,"OK"
"238","CWH vh 3 /Wb53.2",13,105,53,22,"OK"
"239","CWH vh 3 /Wb54",7,57,41,13,"OK"
"240","CWH vh 3 /Ws58",10,73,36,18,"OK"
"241","CWH vm 1 /01",27,68,26,12,"OK"
"242","CWH vm 1 /01s",37,100,26,11,"OK"
"243","CWH vm 1 /02",32,115,23,8,"OK"
"244","CWH vm 1 /03",119,159,22,9,"OK"
"245","CWH vm 1 /04",40,101,21,8,"OK"
"246","CWH vm 1 /05",224,170,25,9,"OK"
"247","CWH vm 1 /06",129,139,27,8,"OK"
"248","CWH vm 1 /06s",3,38,38,22,"Poor"
"249","CWH vm 1 /07",139,206,29,11,"OK"
"250","CWH vm 1 /08",90,150,32,13,"OK"
"251","CWH vm 1 /09",9,69,41,11,"OK"
"252","CWH vm 1 /10Fm50",88,248,30,5,"OK"
"253","CWH vm 1 /12",32,64,21,13,"OK"
"254","CWH vm 1 /13",24,161,37,5,"OK"
"255","CWH vm 1 /14",9,101,52,8,"OK"
"256","CWH vm 1 /Fl51",3,28,28,7,"Poor"
"257","CWH vm 1 /Wb50",4,39,39,11,"Poor"
"258","CWH vm 2 /01",201,163,21,7,"OK"
"259","CWH vm 2 /02",27,92,23,4,"Poor"
"260","CWH vm 2 /03",45,122,22,8,"OK"
"261","CWH vm 2 /03b",2,23,23,10,"Poor"
"262","CWH vm 2 /04",2,26,26,4,"Poor"
"263","CWH vm 2 /05",40,113,25,8,"OK"
"264","CWH vm 2 /06",23,87,32,12,"OK"
"265","CWH vm 2 /07",42,120,31,9,"OK"
"266","CWH vm 2 /08",21,99,29,15,"OK"
"267","CWH vm 2 /10",7,58,29,5,"OK"
"268","CWH vm 2 /11",15,119,33,9,"OK"
"269","CWH wh 1 /101a",89,104,27,11,"OK"
"270","CWH wh 1 /101b",18,72,32,13,"OK"
"271","CWH wh 1 /102",39,65,19,11,"OK"
"272","CWH wh 1 /103 .1",11,51,16,5,"OK"
"273","CWH wh 1 /103 .2",4,45,45,9,"Poor"
"274","CWH wh 1 /104",9,55,28,10,"OK"
"275","CWH wh 1 /105",18,91,36,11,"OK"
"276","CWH wh 1 /110a",19,73,24,12,"OK"
"277","CWH wh 1 /110b",18,68,33,12,"OK"
"278","CWH wh 1 /111a",40,114,35,19,"OK"
"279","CWH wh 1 /111b",4,41,41,13,"Poor"
"280","CWH wh 1 /112",11,67,33,9,"OK"
"281","CWH wh 1 /113",11,103,47,21,"OK"
"282","CWH wh 1 /114",3,49,49,16,"Poor"
"283","CWH wh 1 /115",39,137,36,13,"OK"
"284","CWH wh 1 /116",11,79,37,13,"OK"
"285","CWH wh 1 /117",3,45,45,18,"Poor"
"286","CWH wh 1 /118",15,96,40,18,"OK"
"287","CWH wh 1 /14",4,29,29,4,"Poor"
"288","CWH wh 1 /Wb51.1",5,58,34,18,"OK"
"289","CWH wh 1 /Wb51.2",5,56,25,14,"OK"
"290","CWH wh 1 /Wb53.1",1,14,14,14,"Poor"
"291","CWH wh 1 /Wb53.2",4,39,39,6,"Poor"
"292","CWH wh 2 /101a",48,96,30,16,"OK"
"293","CWH wh 2 /101b",5,32,20,18,"OK"
"294","CWH wh 2 /101c",28,85,36,18,"OK"
"295","CWH wh 2 /110",18,85,39,18,"OK"
"296","CWH wh 2 /111",14,91,41,15,"OK"
"297","CWH wh 2 /112a",8,68,47,25,"OK"
"298","CWH wh 2 /112b",2,41,41,18,"Poor"
"299","CWH wh 2 /Wb53.1",1,19,19,19,"Poor"
"300","CWH wm   /01",69,90,22,10,"OK"
"301","CWH wm   /02",12,59,19,7,"OK"
"302","CWH wm   /03",26,72,26,13,"OK"
"303","CWH wm   /04",52,121,32,12,"OK"
"304","CWH wm   /05",17,86,29,7,"OK"
"305","CWH wm   /05Fh1",30,106,28,15,"OK"
"306","CWH wm   /06Fm50",20,101,27,9,"OK"
"307","CWH wm   /07Fl51",12,99,44,15,"OK"
"308","CWH wm   /08",3,38,38,13,"Poor"
"309","CWH wm   /09",5,32,20,11,"OK"
"310","CWH wm   /09Ws55",3,43,43,20,"Poor"
"311","CWH wm   /10",1,28,28,28,"Poor"
"312","CWH wm   /Fl01",1,19,19,19,"Poor"
"313","CWH ws 1 /01",54,122,25,7,"OK"
"314","CWH ws 1 /03",19,78,30,4,"Poor"
"315","CWH ws 1 /04",34,105,37,17,"OK"
"316","CWH ws 1 /05",16,75,31,11,"OK"
"317","CWH ws 1 /06",24,102,38,15,"OK"
"318","CWH ws 1 /07",29,111,35,11,"OK"
"319","CWH ws 1 /08Fm50",16,75,23,8,"OK"
"320","CWH ws 1 /10",1,22,22,22,"Poor"
"321","CWH ws 1 /11",13,84,41,19,"OK"
"322","CWH ws 1 /Wb13",2,38,38,6,"Poor"
"323","CWH ws 2 /01",156,149,21,7,"OK"
"324","CWH ws 2 /03",10,52,17,5,"OK"
"325","CWH ws 2 /04",27,99,27,14,"OK"
"326","CWH ws 2 /05",5,53,25,12,"OK"
"327","CWH ws 2 /06",29,136,32,12,"OK"
"328","CWH ws 2 /07",9,47,34,12,"OK"
"329","CWH ws 2 /08Fm50",3,42,42,14,"Poor"
"330","CWH ws 2 /10",1,13,13,13,"Poor"
"331","CWH ws 2 /11",3,51,51,20,"Poor"
"332","CWH ws 2 /Fh1",1,20,20,20,"Poor"
"333","CWH ws 2 /Fm51",1,21,21,21,"Poor"
"334","CWH ws 2 /Wb13",1,14,14,14,"Poor"
"335","CWH xm   /04",9,72,45,10,"OK"
"336","CWH xm 1 /01",69,120,18,9,"OK"
"337","CWH xm 1 /02",37,153,24,4,"Poor"
"338","CWH xm 1 /03",46,167,21,3,"Poor"
"339","CWH xm 1 /05",25,79,22,7,"OK"
"340","CWH xm 1 /07",45,148,27,7,"OK"
"341","CWH xm 1 /12",21,98,14,4,"Poor"
"342","CWH xm 1 /Wb50",11,48,18,5,"OK"
"343","CWH xm 1 /Ws51",1,27,27,27,"Poor"
"344","CWH xm 2 /01",99,150,17,10,"OK"
"345","CWH xm 2 /03",14,82,27,7,"OK"
"346","CWH xm 2 /05",18,92,29,12,"OK"
"347","CWH xm 2 /06",4,32,32,12,"Poor"
"348","CWH xm 2 /07",17,117,46,11,"OK"
"349","CWH xm 2 /08",10,92,34,15,"OK"
"350","CWH xm 2 /12",1,25,25,25,"Poor"
"351","CWH xm 2 /Wb50",16,42,16,6,"OK"
"352","Ep mixed Forest",77,226,43,4,"Poor"
"353","Ep_Forests",56,219,46,5,"OK"
"354","ESSFdc 1 /101",37,93,32,11,"OK"
"355","ESSFdc 1 /102",8,40,23,7,"OK"
"356","ESSFdc 1 /103",8,62,31,11,"OK"
"357","ESSFdc 1 /104",15,52,20,10,"OK"
"358","ESSFdc 1 /110",11,86,37,19,"OK"
"359","ESSFdc 1 /111",15,103,34,15,"OK"
"360","ESSFdc 1 /112",5,94,37,22,"OK"
"361","ESSFdc 2 /101",43,130,37,11,"OK"
"362","ESSFdc 2 /102",7,75,28,10,"OK"
"363","ESSFdc 2 /103",10,87,28,13,"OK"
"364","ESSFdc 2 /104",43,119,20,8,"OK"
"365","ESSFdc 2 /105",15,65,24,11,"OK"
"366","ESSFdc 2 /106",12,92,36,11,"OK"
"367","ESSFdc 2 /110",37,178,48,16,"OK"
"368","ESSFdc 2 /111",10,87,30,14,"OK"
"369","ESSFdc 3 /101  ",32,111,39,13,"OK"
"370","ESSFdc 3 /102",8,59,32,9,"OK"
"371","ESSFdc 3 /103",5,82,33,22,"OK"
"372","ESSFdc 3 /104",12,66,29,11,"OK"
"373","ESSFdc 3 /105",15,53,21,7,"OK"
"374","ESSFdc 3 /110",8,72,34,15,"OK"
"375","ESSFdc 3 /111",5,83,43,27,"OK"
"376","ESSFdc 3 /112",11,116,40,13,"OK"
"377","ESSFdc 3 /Ws12 ",2,40,40,7,"Poor"
"378","ESSFdcw  /101",5,44,17,8,"OK"
"379","ESSFdcw  /102",1,26,26,26,"Poor"
"380","ESSFdcw  /103",10,72,27,9,"OK"
"381","ESSFdcw  /110",8,91,40,10,"OK"
"382","ESSFdh 1 /101",7,67,44,14,"OK"
"383","ESSFdh 1 /102",2,37,37,12,"Poor"
"384","ESSFdh 1 /103",3,33,33,16,"Poor"
"385","ESSFdh 1 /104",7,97,44,15,"OK"
"386","ESSFdh 1 /110",5,74,48,32,"OK"
"387","ESSFdh 1 /111",4,89,89,18,"Poor"
"388","ESSFdh 2 /101",7,61,37,9,"OK"
"389","ESSFdh 2 /102",5,56,27,17,"OK"
"390","ESSFdh 2 /103",5,57,28,14,"OK"
"391","ESSFdh 2 /104",6,62,33,13,"OK"
"392","ESSFdh 2 /110",4,63,63,14,"Poor"
"393","ESSFdh 2 /111",10,97,41,20,"OK"
"394","ESSFdh 2 /112",2,49,49,13,"Poor"
"395","ESSFdk 1 /101",21,100,25,6,"OK"
"396","ESSFdk 1 /102",7,101,43,7,"OK"
"397","ESSFdk 1 /103",15,111,32,7,"OK"
"398","ESSFdk 1 /104",17,72,24,8,"OK"
"399","ESSFdk 1 /110",17,124,42,8,"OK"
"400","ESSFdk 1 /111a",4,67,67,16,"Poor"
"401","ESSFdk 2 /101",24,109,36,10,"OK"
"402","ESSFdk 2 /102",8,107,50,13,"OK"
"403","ESSFdk 2 /103",20,137,34,12,"OK"
"404","ESSFdk 2 /104",36,139,37,7,"OK"
"405","ESSFdk 2 /110",7,78,48,13,"OK"
"406","ESSFdk 2 /111",16,131,40,14,"OK"
"407","ESSFdk 2 /112",2,21,21,7,"Poor"
"408","ESSFdk 2 /112a",7,92,38,8,"OK"
"409","ESSFdkw  /101.1",27,155,30,6,"OK"
"410","ESSFdkw  /101.2",12,69,24,8,"OK"
"411","ESSFdkw  /102",12,119,25,4,"Poor"
"412","ESSFdkw  /103",19,133,31,8,"OK"
"413","ESSFdkw  /110",8,83,39,5,"OK"
"414","ESSFdv 1 /101",26,76,19,10,"OK"
"415","ESSFdv 1 /102",2,21,21,3,"Poor"
"416","ESSFdv 1 /103",3,52,52,19,"Poor"
"417","ESSFdv 1 /104",11,90,30,16,"OK"
"418","ESSFdv 1 /110",12,95,37,13,"OK"
"419","ESSFdv 1 /111",9,102,56,10,"OK"
"420","ESSFdv 2 /101",26,59,22,12,"OK"
"421","ESSFdv 2 /102",4,48,48,12,"Poor"
"422","ESSFdv 2 /103",10,69,32,16,"OK"
"423","ESSFdv 2 /104",10,68,22,14,"OK"
"424","ESSFdv 2 /110",12,88,40,12,"OK"
"425","ESSFdv 2 /111",10,104,47,14,"OK"
"426","ESSFmc   /01",23,123,41,10,"OK"
"427","ESSFmc   /02",7,53,28,14,"OK"
"428","ESSFmc   /03",7,50,32,10,"OK"
"429","ESSFmc   /04",8,70,34,15,"OK"
"430","ESSFmc   /05",2,48,48,25,"Poor"
"431","ESSFmc   /06",8,85,39,19,"OK"
"432","ESSFmc   /07",5,77,42,25,"OK"
"433","ESSFmc   /09",5,95,52,23,"OK"
"434","ESSFmc   /10",9,99,57,17,"OK"
"435","ESSFmc   /Wb10",1,28,28,28,"Poor"
"436","ESSFmh   /101",25,82,27,11,"OK"
"437","ESSFmh   /102",5,63,27,16,"OK"
"438","ESSFmh   /103",11,86,37,8,"OK"
"439","ESSFmh   /104",8,85,37,14,"OK"
"440","ESSFmh   /105",11,88,37,10,"OK"
"441","ESSFmh   /110",21,100,37,14,"OK"
"442","ESSFmh   /111",13,109,55,22,"OK"
"443","ESSFmh   /112",9,105,49,9,"OK"
"444","ESSFmk   /01",19,73,28,4,"Poor"
"445","ESSFmk   /02",8,52,27,7,"OK"
"446","ESSFmk   /03",10,46,18,11,"OK"
"447","ESSFmk   /04",6,56,32,11,"OK"
"448","ESSFmk   /05",9,84,44,15,"OK"
"449","ESSFmk   /06",3,59,59,27,"Poor"
"450","ESSFmk   /07",3,45,45,18,"Poor"
"451","ESSFmm 1 /01",23,133,37,14,"OK"
"452","ESSFmm 1 /02",2,44,44,7,"Poor"
"453","ESSFmm 1 /03",2,41,41,12,"Poor"
"454","ESSFmm 1 /04",5,32,15,12,"OK"
"455","ESSFmm 1 /05",9,72,45,16,"OK"
"456","ESSFmm 1 /06",8,83,48,24,"OK"
"457","ESSFmm 3 /101",34,124,36,13,"OK"
"458","ESSFmm 3 /102",6,78,33,14,"OK"
"459","ESSFmm 3 /103",27,124,30,10,"OK"
"460","ESSFmm 3 /110",15,108,32,14,"OK"
"461","ESSFmm 3 /111",11,115,47,17,"OK"
"462","ESSFmm 3 /112",6,88,43,16,"OK"
"463","ESSFmv 1 /$At",1,32,32,32,"Poor"
"464","ESSFmv 1 /01",17,92,33,13,"OK"
"465","ESSFmv 1 /02",3,45,45,20,"Poor"
"466","ESSFmv 1 /03",9,81,49,12,"OK"
"467","ESSFmv 1 /04",3,66,66,32,"Poor"
"468","ESSFmv 1 /05",1,47,47,47,"Poor"
"469","ESSFmv 2 /01",50,154,34,10,"OK"
"470","ESSFmv 2 /02",11,69,28,9,"OK"
"471","ESSFmv 2 /03",10,75,26,14,"OK"
"472","ESSFmv 2 /04",23,124,44,14,"OK"
"473","ESSFmv 2 /05",5,50,45,23,"OK"
"474","ESSFmv 2 /06",8,86,54,20,"OK"
"475","ESSFmv 2 /Wf2",2,33,33,10,"Poor"
"476","ESSFmv 3 /$At",4,61,61,37,"Poor"
"477","ESSFmv 3 /01",39,123,40,14,"OK"
"478","ESSFmv 3 /02",1,17,17,17,"Poor"
"479","ESSFmv 3 /03",1,19,19,19,"Poor"
"480","ESSFmv 3 /04",16,79,42,20,"OK"
"481","ESSFmv 3 /05",4,55,55,23,"Poor"
"482","ESSFmv 3 /06",4,83,83,20,"Poor"
"483","ESSFmv 3 /07",3,72,72,38,"Poor"
"484","ESSFmv 3 /08",5,62,26,20,"OK"
"485","ESSFmv 4 /$At",2,57,57,25,"Poor"
"486","ESSFmv 4 /01",32,128,40,16,"OK"
"487","ESSFmv 4 /02",3,43,43,18,"Poor"
"488","ESSFmv 4 /03",6,65,29,17,"OK"
"489","ESSFmv 4 /04",6,101,57,19,"OK"
"490","ESSFmv 4 /05",1,40,40,40,"Poor"
"491","ESSFmw 1 /101.1",10,72,31,15,"OK"
"492","ESSFmw 1 /101.2",9,71,38,17,"OK"
"493","ESSFmw 1 /102.1",4,40,40,10,"Poor"
"494","ESSFmw 1 /102.2",3,54,54,24,"Poor"
"495","ESSFmw 1 /103",5,63,28,17,"OK"
"496","ESSFmw 1 /104",2,47,47,12,"Poor"
"497","ESSFmw 1 /105",10,45,21,10,"OK"
"498","ESSFmw 1 /110",5,76,29,20,"OK"
"499","ESSFmw 1 /111",4,75,75,19,"Poor"
"500","ESSFmw 2 /101.1",19,60,24,12,"OK"
"501","ESSFmw 2 /101.2",7,38,19,8,"OK"
"502","ESSFmw 2 /102",4,51,51,9,"Poor"
"503","ESSFmw 2 /103.1",8,65,32,11,"OK"
"504","ESSFmw 2 /103.2",2,34,34,8,"Poor"
"505","ESSFmw 2 /110.1",3,56,56,18,"Poor"
"506","ESSFmw 2 /110.2",6,66,30,14,"OK"
"507","ESSFmw 2 /111",5,80,39,22,"OK"
"508","ESSFmw 2 /Wb02  ",1,9,9,9,"Poor"
"509","ESSFmw 2 /Wb07  ",1,17,17,17,"Poor"
"510","ESSFmww  /101",8,63,32,8,"OK"
"511","ESSFmww  /102",1,21,21,21,"Poor"
"512","ESSFmww  /103",5,54,16,8,"OK"
"513","ESSFmww  /110",3,52,52,19,"Poor"
"514","ESSFmz   /01",6,59,26,10,"OK"
"515","ESSFvc   /01",6,80,36,15,"OK"
"516","ESSFvc   /03",1,21,21,21,"Poor"
"517","ESSFvc   /04",6,33,26,15,"OK"
"518","ESSFvc   /05",1,29,29,29,"Poor"
"519","ESSFvc   /111",4,81,81,18,"Poor"
"520","ESSFvk   /112",4,89,89,16,"Poor"
"521","ESSFvv   /01",2,38,38,10,"Poor"
"522","ESSFvv   /03",2,21,21,6,"Poor"
"523","ESSFwc 2 /01",82,179,36,14,"OK"
"524","ESSFwc 2 /03",59,87,25,9,"OK"
"525","ESSFwc 2 /04",46,114,26,12,"OK"
"526","ESSFwc 2 /05",8,77,46,16,"OK"
"527","ESSFwc 2 /06",14,80,38,15,"OK"
"528","ESSFwc 2 /07",11,93,42,16,"OK"
"529","ESSFwc 2 /08",3,42,42,16,"Poor"
"530","ESSFwc 2 /09",21,148,32,12,"OK"
"531","ESSFwc 2 /10",3,30,30,9,"Poor"
"532","ESSFwc 3 /Wb10",1,23,23,23,"Poor"
"533","ESSFwc 4 /101",36,133,33,15,"OK"
"534","ESSFwc 4 /102",8,72,35,11,"OK"
"535","ESSFwc 4 /103a",12,95,37,11,"OK"
"536","ESSFwc 4 /103b",21,98,28,11,"OK"
"537","ESSFwc 4 /110",19,129,44,18,"OK"
"538","ESSFwc 4 /111",22,145,42,18,"OK"
"539","ESSFwc 4 /112",6,125,73,22,"OK"
"540","ESSFwc 4 /112(Ws08)",3,90,90,25,"Poor"
"541","ESSFwcw  /101",38,122,28,11,"OK"
"542","ESSFwcw  /102",4,30,30,6,"Poor"
"543","ESSFwcw  /103",32,77,17,9,"OK"
"544","ESSFwcw  /104.1",9,35,18,6,"OK"
"545","ESSFwcw  /104.2",28,56,18,6,"OK"
"546","ESSFwcw  /110",10,110,36,15,"OK"
"547","ESSFwh 1 /101",35,89,31,13,"OK"
"548","ESSFwh 1 /102",5,85,30,18,"OK"
"549","ESSFwh 1 /103",13,98,44,15,"OK"
"550","ESSFwh 1 /104",15,80,31,12,"OK"
"551","ESSFwh 1 /110.1",8,78,44,19,"OK"
"552","ESSFwh 1 /110.2",19,111,50,23,"OK"
"553","ESSFwh 1 /111",5,83,47,31,"OK"
"554","ESSFwh 1 /111(Ws08)",1,33,33,33,"Poor"
"555","ESSFwh 2 /101",19,93,43,17,"OK"
"556","ESSFwh 2 /102",2,52,52,5,"Poor"
"557","ESSFwh 2 /103",5,62,27,14,"OK"
"558","ESSFwh 2 /104",14,79,42,14,"OK"
"559","ESSFwh 2 /110",18,92,44,16,"OK"
"560","ESSFwh 2 /111",6,84,43,20,"OK"
"561","ESSFwh 2 /112",7,102,64,21,"OK"
"562","ESSFwh 3 /101",26,94,36,13,"OK"
"563","ESSFwh 3 /102",4,58,58,16,"Poor"
"564","ESSFwh 3 /103",9,77,43,14,"OK"
"565","ESSFwh 3 /104.1",19,78,30,11,"OK"
"566","ESSFwh 3 /104.2",14,70,38,14,"OK"
"567","ESSFwh 3 /110",32,111,42,15,"OK"
"568","ESSFwh 3 /111",19,101,47,19,"OK"
"569","ESSFwh 3 /112",4,72,72,23,"Poor"
"570","ESSFwk 1 /01",29,122,53,24,"OK"
"571","ESSFwk 1 /02",20,126,38,18,"OK"
"572","ESSFwk 1 /03",13,86,44,18,"OK"
"573","ESSFwk 1 /04",15,142,62,33,"OK"
"574","ESSFwk 1 /05",14,108,55,24,"OK"
"575","ESSFwk 1 /06",2,79,79,31,"Poor"
"576","ESSFwk 1 /07",5,110,56,40,"OK"
"577","ESSFwk 2 /01",25,95,30,14,"OK"
"578","ESSFwk 2 /02",5,41,21,13,"OK"
"579","ESSFwk 2 /03",10,73,47,30,"OK"
"580","ESSFwk 2 /04",3,42,42,20,"Poor"
"581","ESSFwk 2 /05",5,54,31,22,"OK"
"582","ESSFwk 2 /06",5,49,42,18,"OK"
"583","ESSFwm 1 /101",22,109,43,16,"OK"
"584","ESSFwm 1 /102",6,126,69,18,"OK"
"585","ESSFwm 1 /103",7,94,48,11,"OK"
"586","ESSFwm 1 /104",13,83,37,10,"OK"
"587","ESSFwm 1 /110",17,120,44,15,"OK"
"588","ESSFwm 1 /111",9,92,54,21,"OK"
"589","ESSFwm 1 /112a",2,42,42,11,"Poor"
"590","ESSFwm 1 /112b (Ws08)",2,64,64,15,"Poor"
"591","ESSFwm 2 /101",23,107,42,13,"OK"
"592","ESSFwm 2 /102",4,48,48,9,"Poor"
"593","ESSFwm 2 /103",13,73,37,14,"OK"
"594","ESSFwm 2 /104",8,52,24,10,"OK"
"595","ESSFwm 2 /110",18,108,47,17,"OK"
"596","ESSFwm 2 /111",4,86,86,19,"Poor"
"597","ESSFwm 2 /112",7,99,60,17,"OK"
"598","ESSFwm 3 /101",20,77,27,13,"OK"
"599","ESSFwm 3 /102",6,59,25,7,"OK"
"600","ESSFwm 3 /103",23,65,22,7,"OK"
"601","ESSFwm 3 /104",7,31,17,5,"OK"
"602","ESSFwm 3 /105",13,71,31,8,"OK"
"603","ESSFwm 3 /110",12,89,42,17,"OK"
"604","ESSFwm 3 /111",20,126,33,16,"OK"
"605","ESSFwm 3 /112",2,52,52,19,"Poor"
"606","ESSFwm 4 /101",16,69,28,9,"OK"
"607","ESSFwm 4 /102b",11,77,24,10,"OK"
"608","ESSFwm 4 /103.1",14,49,24,9,"OK"
"609","ESSFwm 4 /103.2",17,68,27,9,"OK"
"610","ESSFwm 4 /110",8,76,43,18,"OK"
"611","ESSFwm 4 /111",11,126,45,16,"OK"
"612","ESSFwmw  /101",26,79,25,7,"OK"
"613","ESSFwmw  /102",6,69,23,8,"OK"
"614","ESSFwmw  /103",15,84,20,9,"OK"
"615","ESSFwmw  /110",9,107,57,16,"OK"
"616","ESSFwv   /01",34,109,35,10,"OK"
"617","ESSFwv   /03",9,72,38,10,"OK"
"618","ESSFwv   /04",2,12,12,9,"Poor"
"619","ESSFwv   /05",17,105,46,15,"OK"
"620","ESSFwv   /06",10,93,43,20,"OK"
"621","ESSFwv   /07",3,69,69,26,"Poor"
"622","ESSFwv   /08",1,27,27,27,"Poor"
"623","ESSFwv   /09",5,82,52,35,"OK"
"624","ESSFxc 1 /101",12,84,32,9,"OK"
"625","ESSFxc 1 /102",5,46,18,12,"OK"
"626","ESSFxc 1 /103",4,58,58,11,"Poor"
"627","ESSFxc 1 /104",20,76,21,8,"OK"
"628","ESSFxc 1 /105",5,43,20,11,"OK"
"629","ESSFxc 1 /110",14,59,34,9,"OK"
"630","ESSFxc 1 /111",12,119,47,16,"OK"
"631","ESSFxc 1 /112",4,69,69,13,"Poor"
"632","ESSFxc 1 /113",5,76,46,31,"OK"
"633","ESSFxc 2 /101",23,78,29,9,"OK"
"634","ESSFxc 2 /102",5,67,27,15,"OK"
"635","ESSFxc 2 /103a",44,110,28,7,"OK"
"636","ESSFxc 2 /103b",3,22,22,10,"Poor"
"637","ESSFxc 2 /110",26,85,30,8,"OK"
"638","ESSFxc 2 /111",12,74,35,11,"OK"
"639","ESSFxc 2 /112",7,99,41,11,"OK"
"640","ESSFxc 2 /Ws12",1,12,12,12,"Poor"
"641","ESSFxc 3 /101",12,82,33,13,"OK"
"642","ESSFxc 3 /102",8,92,52,19,"OK"
"643","ESSFxc 3 /103",17,106,42,15,"OK"
"644","ESSFxc 3 /110",17,72,26,10,"OK"
"645","ESSFxc 3 /111",5,82,46,27,"OK"
"646","ESSFxc 3 /112",6,99,53,19,"OK"
"647","ESSFxcw  /101",16,96,29,10,"OK"
"648","ESSFxcw  /102",1,36,36,36,"Poor"
"649","ESSFxcw  /103",8,93,42,14,"OK"
"650","ESSFxcw  /110",5,75,26,17,"OK"
"651","ESSFxv 1 /01",12,95,34,8,"OK"
"652","ESSFxv 1 /02",2,16,16,7,"Poor"
"653","ESSFxv 1 /03",1,20,20,20,"Poor"
"654","ESSFxv 1 /04",5,55,26,17,"OK"
"655","ESSFxv 1 /05",5,53,29,21,"OK"
"656","ESSFxv 1 /06",17,77,25,12,"OK"
"657","ESSFxv 1 /07",7,80,47,13,"OK"
"658","ESSFxv 1 /08",2,38,38,11,"Poor"
"659","ESSFxv 1 /09",1,42,42,42,"Poor"
"660","ESSFxv 2 /01",20,123,44,16,"OK"
"661","ESSFxv 2 /01.1",18,89,38,17,"OK"
"662","ESSFxv 2 /01.2",4,51,51,15,"Poor"
"663","ESSFxv 2 /02",11,86,32,13,"OK"
"664","ESSFxv 2 /03",4,75,75,11,"Poor"
"665","ESSFxv 2 /04",9,78,44,13,"OK"
"666","ESSFxv 2 /05",5,68,29,18,"OK"
"667","ESSFxv 2 /06",7,62,35,9,"OK"
"668","ESSFxv 2 /08",1,48,48,48,"Poor"
"669","ESSFxv 2 /10",3,72,72,32,"Poor"
"670","Fl01",1,38,38,38,"Poor"
"671","Fl02",1,32,32,32,"Poor"
"672","Fm02",6,85,28,7,"OK"
"673","ICH dk   /01",11,102,64,28,"OK"
"674","ICH dk   /02a",2,48,48,27,"Poor"
"675","ICH dk   /02b",6,69,50,26,"OK"
"676","ICH dk   /03",2,52,52,24,"Poor"
"677","ICH dk   /04",4,48,48,19,"Poor"
"678","ICH dk   /05",3,74,74,48,"Poor"
"679","ICH dk   /06",3,67,67,39,"Poor"
"680","ICH dk   /07",2,74,74,38,"Poor"
"681","ICH dk   /08",3,73,73,38,"Poor"
"682","ICH dk   /09",1,51,51,51,"Poor"
"683","ICH dm   /101",10,75,31,16,"OK"
"684","ICH dm   /102b",4,69,69,7,"Poor"
"685","ICH dm   /103",21,116,38,10,"OK"
"686","ICH dm   /110",10,91,36,18,"OK"
"687","ICH dm   /111",7,74,38,13,"OK"
"688","ICH dm   /112",6,109,63,25,"OK"
"689","ICH dw 1 /101",40,148,42,16,"OK"
"690","ICH dw 1 /102",12,126,47,9,"OK"
"691","ICH dw 1 /103",25,186,43,13,"OK"
"692","ICH dw 1 /104",65,204,47,17,"OK"
"693","ICH dw 1 /110",12,124,55,16,"OK"
"694","ICH dw 1 /111",20,121,43,15,"OK"
"695","ICH dw 1 /112",4,80,80,21,"Poor"
"696","ICH dw 1 /113(Ws10)",2,52,52,18,"Poor"
"697","ICH dw 3 /01ys",1,26,26,26,"Poor"
"698","ICH dw 3 /101",32,131,43,15,"OK"
"699","ICH dw 4 /101",46,116,36,12,"OK"
"700","ICH dw 4 /102",2,38,38,8,"Poor"
"701","ICH dw 4 /103",13,105,41,18,"OK"
"702","ICH dw 4 /104",30,148,44,19,"OK"
"703","ICH dw 4 /110.1",3,46,46,18,"Poor"
"704","ICH dw 4 /110.2",6,72,45,21,"OK"
"705","ICH dw 4 /111",4,94,94,14,"Poor"
"706","ICH dw 4 /112",3,58,58,22,"Poor"
"707","ICH dw 4 /omit-cover class",15,122,72,30,"OK"
"708","ICH dw 4 /omit-poor location",7,70,38,11,"OK"
"709","ICH mc 1 /01",37,99,35,10,"OK"
"710","ICH mc 1 /02",2,58,58,16,"Poor"
"711","ICH mc 1 /03",14,89,47,21,"OK"
"712","ICH mc 1 /04",13,78,43,19,"OK"
"713","ICH mc 1 /06",3,73,73,27,"Poor"
"714","ICH mc 1 /Wb02",1,18,18,18,"Poor"
"715","ICH mc 1 /Wb13",3,25,25,12,"Poor"
"716","ICH mc 1a/01",2,22,22,9,"Poor"
"717","ICH mc 2 /01",129,152,30,6,"OK"
"718","ICH mc 2 /01 $5B Aspen - Hazelnut",5,67,37,19,"OK"
"719","ICH mc 2 /01 $6B ActAtEp - Dogwood - Thimbleberry",13,110,52,22,"OK"
"720","ICH mc 2 /01 $6B AtEp - Hazelnut",16,101,41,22,"OK"
"721","ICH mc 2 /01b",20,71,28,10,"OK"
"722","ICH mc 2 /02",3,71,71,25,"Poor"
"723","ICH mc 2 /02 $3bB Ep- Feathermoss",2,44,44,26,"Poor"
"724","ICH mc 2 /02 $3bB Ep - Haircap moss",2,45,45,17,"Poor"
"725","ICH mc 2 /02 $6B Ep - Maple",7,93,48,14,"OK"
"726","ICH mc 2 /03",24,93,41,13,"OK"
"727","ICH mc 2 /03 $5B (53 AtEp - Dogwood)",19,94,51,17,"OK"
"728","ICH mc 2 /03 $5B AtEp - Oakfern",5,75,45,30,"OK"
"729","ICH mc 2 /04",34,111,38,15,"OK"
"730","ICH mc 2 /04 $6B Ep - Devilsclub",5,68,42,29,"OK"
"731","ICH mc 2 /05",12,98,40,18,"OK"
"732","ICH mc 2 /05 $5B Aspen - Hardhack(5-6)",5,68,39,22,"OK"
"733","ICH mc 2 /05 $6B ActAtEp - Devilsclub - Ladyfern",11,98,49,21,"OK"
"734","ICH mc 2 /06(Fm02a)",12,97,44,9,"OK"
"735","ICH mc 2 /07",14,94,45,20,"OK"
"736","ICH mc 2 /Fl02",2,43,43,13,"Poor"
"737","ICH mc 2 /Wb04",3,34,34,15,"Poor"
"738","ICH mc 2 /Wb05",4,49,49,9,"Poor"
"739","ICH mc 2 /Wb08",2,43,43,11,"Poor"
"740","ICH mc 2 /Wb11",8,66,37,11,"OK"
"741","ICH mc 2 /Wb12",1,11,11,11,"Poor"
"742","ICH mc 2 /Ws01",5,57,25,15,"OK"
"743","ICH mc 2 /Ws09",1,22,22,22,"Poor"
"744","ICH mk 1 /$At - Proshoo",2,33,33,10,"Poor"
"745","ICH mk 1 /01",51,153,38,15,"OK"
"746","ICH mk 1 /02",21,140,41,13,"OK"
"747","ICH mk 1 /03",7,96,43,9,"OK"
"748","ICH mk 1 /04",5,74,34,20,"OK"
"749","ICH mk 1 /05",17,100,42,12,"OK"
"750","ICH mk 1 /06",7,57,37,14,"OK"
"751","ICH mk 1 /07",16,145,58,20,"OK"
"752","ICH mk 1 /08",14,112,55,16,"OK"
"753","ICH mk 1 /09",4,62,62,15,"Poor"
"754","ICH mk 1 /10",8,105,52,14,"OK"
"755","ICH mk 1 /11",1,37,37,37,"Poor"
"756","ICH mk 1 /13",2,43,43,12,"Poor"
"757","ICH mk 2 /01",27,120,37,13,"OK"
"758","ICH mk 2 /01ys",1,22,22,22,"Poor"
"759","ICH mk 2 /02",3,39,39,13,"Poor"
"760","ICH mk 2 /03",13,80,41,11,"OK"
"761","ICH mk 2 /04",12,81,37,11,"OK"
"762","ICH mk 2 /05",19,116,46,14,"OK"
"763","ICH mk 2 /06",3,59,59,25,"Poor"
"764","ICH mk 2 /07",7,79,40,9,"OK"
"765","ICH mk 3 /01",18,100,52,26,"OK"
"766","ICH mk 3 /02",3,81,81,46,"Poor"
"767","ICH mk 3 /03",2,54,54,25,"Poor"
"768","ICH mk 3 /04",5,66,43,36,"OK"
"769","ICH mk 3 /05",5,108,67,49,"OK"
"770","ICH mk 3 /06",5,82,51,37,"OK"
"771","ICH mk 3 /07",4,116,116,42,"Poor"
"772","ICH mk 3 /Wb07",3,59,59,23,"Poor"
"773","ICH mk 3 /Wb12",1,19,19,19,"Poor"
"774","ICH mk 4 /04ms",2,33,33,13,"Poor"
"775","ICH mk 4 /101",16,118,41,12,"OK"
"776","ICH mk 4 /102a",1,34,34,34,"Poor"
"777","ICH mk 4 /102b",2,39,39,6,"Poor"
"778","ICH mk 4 /103",12,112,52,12,"OK"
"779","ICH mk 4 /110",9,80,46,12,"OK"
"780","ICH mk 4 /111",8,81,40,14,"OK"
"781","ICH mk 4 /112a",6,107,36,12,"OK"
"782","ICH mk 5 /101",18,97,51,17,"OK"
"783","ICH mk 5 /102",2,47,47,8,"Poor"
"784","ICH mk 5 /103",9,73,39,15,"OK"
"785","ICH mk 5 /104",13,104,46,17,"OK"
"786","ICH mk 5 /110",4,84,84,19,"Poor"
"787","ICH mk 5 /111",3,73,73,34,"Poor"
"788","ICH mk 5 /112",10,124,45,21,"OK"
"789","ICH mm   /01",9,81,58,21,"OK"
"790","ICH mm   /02",2,45,45,18,"Poor"
"791","ICH mm   /03",17,74,31,10,"OK"
"792","ICH mm   /04",10,70,36,22,"OK"
"793","ICH mm   /05",13,95,49,22,"OK"
"794","ICH mm   /06",2,52,52,18,"Poor"
"795","ICH mm   /Ws10",2,58,58,21,"Poor"
"796","ICH mw 1 /01",11,92,40,13,"OK"
"797","ICH mw 1 /02",1,40,40,40,"Poor"
"798","ICH mw 1 /03",4,31,31,12,"Poor"
"799","ICH mw 1 /04",3,58,58,26,"Poor"
"800","ICH mw 1 /05",1,36,36,36,"Poor"
"801","ICH mw 1 /06",4,44,44,17,"Poor"
"802","ICH mw 1 /07",1,34,34,34,"Poor"
"803","ICH mw 2 /07",1,21,21,21,"Poor"
"804","ICH mw 2 /101",20,96,30,14,"OK"
"805","ICH mw 2 /102",7,82,42,7,"OK"
"806","ICH mw 2 /103",16,111,42,12,"OK"
"807","ICH mw 2 /104",26,106,36,16,"OK"
"808","ICH mw 2 /110",20,97,34,13,"OK"
"809","ICH mw 2 /111.1",26,137,39,14,"OK"
"810","ICH mw 2 /111.2",1,18,18,18,"Poor"
"811","ICH mw 2 /112",4,83,83,24,"Poor"
"812","ICH mw 2 /113",3,57,57,11,"Poor"
"813","ICH mw 2 /114(Ws10)",4,108,108,40,"Poor"
"814","ICH mw 3 /01",36,123,34,12,"OK"
"815","ICH mw 3 /02",3,33,33,11,"Poor"
"816","ICH mw 3 /04",15,101,40,12,"OK"
"817","ICH mw 3 /05",19,126,43,13,"OK"
"818","ICH mw 3 /06",36,163,49,14,"OK"
"819","ICH mw 3 /07",2,39,39,18,"Poor"
"820","ICH mw 3 /08",18,117,43,14,"OK"
"821","ICH mw 3 /09",2,39,39,14,"Poor"
"822","ICH mw 3 /10",1,23,23,23,"Poor"
"823","ICH mw 3 /11",15,130,44,16,"OK"
"824","ICH mw 3 /12",2,26,26,9,"Poor"
"825","ICH mw 3 /13",3,51,51,19,"Poor"
"826","ICH mw 3 /Wb11",2,42,42,15,"Poor"
"827","ICH mw 4 /101",20,91,27,12,"OK"
"828","ICH mw 4 /102",3,65,65,21,"Poor"
"829","ICH mw 4 /103",10,101,43,18,"OK"
"830","ICH mw 4 /104.1",12,73,41,12,"OK"
"831","ICH mw 4 /104.2",5,54,26,17,"OK"
"832","ICH mw 4 /110",19,93,40,13,"OK"
"833","ICH mw 4 /111",6,91,55,25,"OK"
"834","ICH mw 4 /112",21,119,37,17,"OK"
"835","ICH mw 4 /113",3,40,40,29,"Poor"
"836","ICH mw 4 /114",5,78,43,26,"OK"
"837","ICH mw 5 /101",16,90,32,15,"OK"
"838","ICH mw 5 /102",12,110,43,16,"OK"
"839","ICH mw 5 /103",9,86,45,6,"OK"
"840","ICH mw 5 /104",16,115,48,17,"OK"
"841","ICH mw 5 /110",14,99,50,20,"OK"
"842","ICH mw 5 /111.1",3,33,33,19,"Poor"
"843","ICH mw 5 /111.2",7,78,47,19,"OK"
"844","ICH mw 5 /112",9,96,60,19,"OK"
"845","ICH mw 5 /113(Ws10)",4,77,77,10,"Poor"
"846","ICH vc   /011",7,45,28,16,"OK"
"847","ICH vc   /012",6,46,31,15,"OK"
"848","ICH vc   /021",8,44,30,11,"OK"
"849","ICH vc   /022",6,42,27,13,"OK"
"850","ICH vc   /03",18,61,32,14,"OK"
"851","ICH vc   /04",4,41,41,13,"Poor"
"852","ICH vc   /05newFm03a",1,11,11,11,"Poor"
"853","ICH vc   /06",4,55,55,15,"Poor"
"854","ICH vc   /52Fl02",9,57,36,8,"OK"
"855","ICH vc   /Fl01",3,40,40,19,"Poor"
"856","ICH vc   /Fl04",4,56,56,11,"Poor"
"857","ICH vc   /Wb04",3,28,28,11,"Poor"
"858","ICH vc   /Wb13",2,19,19,10,"Poor"
"859","ICH vk 1 /101",41,163,34,15,"OK"
"860","ICH vk 1 /102",1,46,46,46,"Poor"
"861","ICH vk 1 /103",11,78,27,11,"OK"
"862","ICH vk 1 /104",24,112,40,14,"OK"
"863","ICH vk 1 /110",8,97,53,21,"OK"
"864","ICH vk 1 /111",5,93,39,25,"OK"
"865","ICH vk 1 /112",4,98,98,18,"Poor"
"866","ICH vk 1 /Fl01",1,26,26,26,"Poor"
"867","ICH vk 2 /01",27,97,44,25,"OK"
"868","ICH vk 2 /02",3,39,39,18,"Poor"
"869","ICH vk 2 /03",5,52,33,23,"OK"
"870","ICH vk 2 /04",17,82,39,22,"OK"
"871","ICH vk 2 /05",3,55,55,22,"Poor"
"872","ICH vk 2 /06",4,82,82,40,"Poor"
"873","ICH vk 2 /Wb02",3,38,38,15,"Poor"
"874","ICH vk 2 /Wb11",1,46,46,46,"Poor"
"875","ICH vk 2 /Ws01",2,19,19,3,"Poor"
"876","ICH vk 2 /Ws09",3,70,70,22,"Poor"
"877","ICH wc   /01",9,62,42,14,"OK"
"878","ICH wc   /02",5,45,25,17,"OK"
"879","ICH wc   /03",14,50,26,7,"OK"
"880","ICH wc   /04",9,64,44,15,"OK"
"881","ICH wc   /05",12,66,34,15,"OK"
"882","ICH wc   /08",8,71,46,22,"OK"
"883","ICH wc   /52Fl02",1,16,16,16,"Poor"
"884","ICH wc   /Wb04",1,40,40,40,"Poor"
"885","ICH wc   /Wb07",2,53,53,19,"Poor"
"886","ICH wk 1 /101",65,162,37,15,"OK"
"887","ICH wk 1 /102",6,74,37,6,"OK"
"888","ICH wk 1 /103",18,100,36,12,"OK"
"889","ICH wk 1 /104",42,141,37,14,"OK"
"890","ICH wk 1 /110",58,178,42,17,"OK"
"891","ICH wk 1 /111",20,130,36,15,"OK"
"892","ICH wk 1 /112",4,73,73,17,"Poor"
"893","ICH wk 1 /113",9,92,47,13,"OK"
"894","ICH wk 1 /Fl02",2,44,44,10,"Poor"
"895","ICH wk 1 /Fl04",2,35,35,8,"Poor"
"896","ICH wk 2 /01",26,110,44,20,"OK"
"897","ICH wk 2 /02",5,66,31,18,"OK"
"898","ICH wk 2 /03",2,62,62,19,"Poor"
"899","ICH wk 2 /04",16,69,31,18,"OK"
"900","ICH wk 2 /05",1,37,37,37,"Poor"
"901","ICH wk 2 /06",1,28,28,28,"Poor"
"902","ICH wk 2 /07",14,111,50,24,"OK"
"903","ICH wk 2 /08",7,128,72,21,"OK"
"904","ICH wk 2 /Wb07",2,55,55,14,"Poor"
"905","ICH wk 2 /Wb10",1,13,13,13,"Poor"
"906","ICH wk 2 /Wb13",3,31,31,17,"Poor"
"907","ICH wk 2 /Ws10",1,44,44,44,"Poor"
"908","ICH wk 3 /01",22,92,45,25,"OK"
"909","ICH wk 3 /02",1,22,22,22,"Poor"
"910","ICH wk 3 /03",3,60,60,26,"Poor"
"911","ICH wk 3 /04",2,33,33,16,"Poor"
"912","ICH wk 3 /05",6,58,38,24,"OK"
"913","ICH wk 3 /06",5,76,44,33,"OK"
"914","ICH wk 3 /07",8,57,37,23,"OK"
"915","ICH wk 3 /Wb02",8,49,29,11,"OK"
"916","ICH wk 3 /Wb07",4,74,74,16,"Poor"
"917","ICH wk 3 /Wb11",2,33,33,18,"Poor"
"918","ICH wk 4 /01",20,67,36,18,"OK"
"919","ICH wk 4 /03",1,24,24,24,"Poor"
"920","ICH wk 4 /04",3,44,44,23,"Poor"
"921","ICH wk 4 /05",15,52,27,16,"OK"
"922","ICH wk 4 /06",4,62,62,20,"Poor"
"923","ICH wk 4 /07",7,57,39,23,"OK"
"924","ICH wk 4 /08",1,25,25,25,"Poor"
"925","ICH wk 4 /Fh2",9,76,44,13,"OK"
"926","ICH wk 4 /Fl02",1,20,20,20,"Poor"
"927","ICH wk 4 /Fl04",10,46,14,10,"OK"
"928","ICH wk 4 /Fm02",2,18,18,6,"Poor"
"929","ICH xw   /101",17,120,48,18,"OK"
"930","ICH xw   /102",9,117,66,16,"OK"
"931","ICH xw   /103",19,159,56,14,"OK"
"932","ICH xw   /104",18,128,39,9,"OK"
"933","ICH xw   /110",4,63,63,11,"Poor"
"934","ICH xw   /111",10,110,51,24,"OK"
"935","ICH xw   /112",1,64,64,64,"Poor"
"936","ICH xw  a/101",4,73,73,23,"Poor"
"937","ICH xw  a/102",3,71,71,28,"Poor"
"938","ICH xw  a/103",5,84,35,18,"OK"
"939","ICH xw  a/104",4,61,61,11,"Poor"
"940","IDF dc   /101.1",29,128,42,11,"OK"
"941","IDF dc   /101.2",10,70,37,14,"OK"
"942","IDF dc   /102",4,59,59,10,"Poor"
"943","IDF dc   /103",3,37,37,15,"Poor"
"944","IDF dc   /104",7,51,32,11,"OK"
"945","IDF dc   /105",13,91,39,13,"OK"
"946","IDF dc   /110",10,100,41,17,"OK"
"947","IDF dc   /111",4,63,63,10,"Poor"
"948","IDF dc   /Fm02",3,38,38,14,"Poor"
"949","IDF dh   /101",18,149,42,12,"OK"
"950","IDF dh   /102",3,62,62,27,"Poor"
"951","IDF dh   /103",4,69,69,14,"Poor"
"952","IDF dh   /104",16,166,54,14,"OK"
"953","IDF dh   /110",14,142,68,18,"OK"
"954","IDF dh   /111",5,92,51,29,"OK"
"955","IDF dk 1 /101",80,195,33,8,"OK"
"956","IDF dk 1 /102",10,91,32,15,"OK"
"957","IDF dk 1 /103",15,110,32,7,"OK"
"958","IDF dk 1 /104",34,140,36,11,"OK"
"959","IDF dk 1 /105",15,87,31,13,"OK"
"960","IDF dk 1 /110$6B.1",3,47,47,13,"Poor"
"961","IDF dk 1 /111",15,129,40,13,"OK"
"962","IDF dk 1 /112",7,105,45,7,"OK"
"963","IDF dk 1 /Fm02",1,26,26,26,"Poor"
"964","IDF dk 1 /Ws03",3,44,44,14,"Poor"
"965","IDF dk 2 /101",88,194,39,11,"OK"
"966","IDF dk 2 /102",9,66,39,14,"OK"
"967","IDF dk 2 /103",3,33,33,13,"Poor"
"968","IDF dk 2 /104",36,154,35,9,"OK"
"969","IDF dk 2 /105",14,81,42,13,"OK"
"970","IDF dk 2 /110",29,168,61,10,"OK"
"971","IDF dk 2 /111",11,133,53,10,"OK"
"972","IDF dk 2 /Fm02",3,48,48,20,"Poor"
"973","IDF dk 2 /Ws03",2,34,34,3,"Poor"
"974","IDF dk 3 /$At-Calarub",1,29,29,29,"Poor"
"975","IDF dk 3 /01",37,144,49,23,"OK"
"976","IDF dk 3 /02",4,59,59,24,"Poor"
"977","IDF dk 3 /03",1,30,30,30,"Poor"
"978","IDF dk 3 /04",3,67,67,21,"Poor"
"979","IDF dk 3 /05",3,51,51,29,"Poor"
"980","IDF dk 3 /06",11,84,37,14,"OK"
"981","IDF dk 3 /07",6,76,46,25,"OK"
"982","IDF dk 3 /08",6,98,59,30,"OK"
"983","IDF dk 3 /09",10,126,55,28,"OK"
"984","IDF dk 3 /Ws2",2,54,54,15,"Poor"
"985","IDF dk 4 /01",21,118,38,18,"OK"
"986","IDF dk 4 /02",4,64,64,20,"Poor"
"987","IDF dk 4 /03",2,33,33,19,"Poor"
"988","IDF dk 4 /04",2,43,43,21,"Poor"
"989","IDF dk 4 /05",5,64,34,24,"OK"
"990","IDF dk 4 /06",2,36,36,21,"Poor"
"991","IDF dk 4 /07",1,17,17,17,"Poor"
"992","IDF dk 4 /08",3,75,75,37,"Poor"
"993","IDF dk 4 /09",8,110,71,27,"OK"
"994","IDF dk 4 /10",5,93,46,28,"OK"
"995","IDF dk 5 /$At-Calarub",1,15,15,15,"Poor"
"996","IDF dk 5 /101",91,145,27,12,"OK"
"997","IDF dk 5 /102",11,98,43,15,"OK"
"998","IDF dk 5 /103",13,90,35,13,"OK"
"999","IDF dk 5 /104",15,114,32,16,"OK"
"1000","IDF dk 5 /105",5,40,21,13,"OK"
"1001","IDF dk 5 /110",21,129,44,17,"OK"
"1002","IDF dk 5 /111a",6,79,39,14,"OK"
"1003","IDF dk 5 /111b (Ws07)",1,35,35,35,"Poor"
"1004","IDF dm 1 /101",20,163,55,16,"OK"
"1005","IDF dm 1 /102a",6,71,34,15,"OK"
"1006","IDF dm 1 /102b",2,49,49,17,"Poor"
"1007","IDF dm 1 /103",6,80,36,18,"OK"
"1008","IDF dm 1 /104",15,129,42,17,"OK"
"1009","IDF dm 1 /111",7,135,74,16,"OK"
"1010","IDF dm 1 /112",4,95,95,23,"Poor"
"1011","IDF dm 1 /Fm01",1,23,23,23,"Poor"
"1012","IDF dm 2 /$At-Calarub",1,18,18,18,"Poor"
"1013","IDF dm 2 /101",31,175,34,10,"OK"
"1014","IDF dm 2 /102",5,67,32,17,"OK"
"1015","IDF dm 2 /103",21,141,25,4,"Poor"
"1016","IDF dm 2 /104",3,71,71,22,"Poor"
"1017","IDF dm 2 /104.1",19,122,44,6,"OK"
"1018","IDF dm 2 /104.2",7,96,40,9,"OK"
"1019","IDF dm 2 /110",12,118,48,10,"OK"
"1020","IDF dm 2 /111",9,98,52,12,"OK"
"1021","IDF dm 2 /112",2,53,53,18,"Poor"
"1022","IDF dm 2 /112a",7,87,44,9,"OK"
"1023","IDF dm 2 /112b (Ws07)",3,64,64,18,"Poor"
"1024","IDF dm 2 /omit",55,303,30,5,"OK"
"1025","IDF dw   /01",15,87,32,13,"OK"
"1026","IDF dw   /02",3,45,45,21,"Poor"
"1027","IDF dw   /03",1,28,28,28,"Poor"
"1028","IDF dw   /04",3,49,49,24,"Poor"
"1029","IDF dw   /05",3,38,38,14,"Poor"
"1030","IDF dw   /06",7,73,42,15,"OK"
"1031","IDF dw   /07",1,33,33,33,"Poor"
"1032","IDF dw   /09",1,29,29,29,"Poor"
"1033","IDF dw   /10",1,35,35,35,"Poor"
"1034","IDF mw 1 /101",50,145,43,14,"OK"
"1035","IDF mw 1 /101$6C.1",12,37,16,5,"OK"
"1036","IDF mw 1 /102",3,55,55,26,"Poor"
"1037","IDF mw 1 /103",14,98,39,7,"OK"
"1038","IDF mw 1 /104a",25,124,43,11,"OK"
"1039","IDF mw 1 /104b",10,106,36,12,"OK"
"1040","IDF mw 1 /110",14,138,62,17,"OK"
"1041","IDF mw 1 /111",4,62,62,11,"Poor"
"1042","IDF mw 1 /112",1,31,31,31,"Poor"
"1043","IDF mw 1 /Fm01",3,27,27,9,"Poor"
"1044","IDF mw 1 /Fm05",1,22,22,22,"Poor"
"1045","IDF mw 2 /101",40,152,38,16,"OK"
"1046","IDF mw 2 /102",4,55,55,8,"Poor"
"1047","IDF mw 2 /103",14,84,31,11,"OK"
"1048","IDF mw 2 /110",8,108,63,23,"OK"
"1049","IDF mw 2 /111",7,67,36,12,"OK"
"1050","IDF mw 2 /112",3,62,62,20,"Poor"
"1051","IDF mw 2 /Fm01",5,55,29,12,"OK"
"1052","IDF ww   /101",28,127,43,14,"OK"
"1053","IDF ww   /102",6,49,27,13,"OK"
"1054","IDF ww   /103",18,101,37,8,"OK"
"1055","IDF ww   /104",11,80,33,13,"OK"
"1056","IDF ww   /110",4,33,33,9,"Poor"
"1057","IDF ww   /111",3,42,42,19,"Poor"
"1058","IDF ww   /112",4,45,45,17,"Poor"
"1059","IDF ww   /113",3,74,74,21,"Poor"
"1060","IDF ww   /Fm01",1,9,9,9,"Poor"
"1061","IDF ww 1 /01",1,28,28,28,"Poor"
"1062","IDF ww 2 /04",1,13,13,13,"Poor"
"1063","IDF xc   /101",13,81,31,12,"OK"
"1064","IDF xc   /102",2,29,29,6,"Poor"
"1065","IDF xc   /103",12,83,24,7,"OK"
"1066","IDF xc   /110",4,43,43,12,"Poor"
"1067","IDF xc   /111",5,75,34,26,"OK"
"1068","IDF xc   /Fm05",1,18,18,18,"Poor"
"1069","IDF xh 1 /101",74,235,35,8,"OK"
"1070","IDF xh 1 /102.1",6,68,33,10,"OK"
"1071","IDF xh 1 /102.2",3,23,23,9,"Poor"
"1072","IDF xh 1 /103",12,99,42,13,"OK"
"1073","IDF xh 1 /104",39,186,32,7,"OK"
"1074","IDF xh 1 /105",19,153,40,9,"OK"
"1075","IDF xh 1 /106",9,91,39,12,"OK"
"1076","IDF xh 1 /110",28,151,35,8,"OK"
"1077","IDF xh 1 /111",3,43,43,11,"Poor"
"1078","IDF xh 1 /111$6B.1",2,23,23,2,"Poor"
"1079","IDF xh 1 /112",3,45,45,9,"Poor"
"1080","IDF xh 1 /113.1",6,110,39,12,"OK"
"1081","IDF xh 1 /113.2",10,100,29,10,"OK"
"1082","IDF xh 1 /114",1,28,28,28,"Poor"
"1083","IDF xh 1 /Fm01",3,39,39,13,"Poor"
"1084","IDF xh 1 /Fm05",4,48,48,12,"Poor"
"1085","IDF xh 2 /101",51,194,42,10,"OK"
"1086","IDF xh 2 /102.1",3,37,37,17,"Poor"
"1087","IDF xh 2 /102.2",2,41,41,11,"Poor"
"1088","IDF xh 2 /103",19,126,33,5,"OK"
"1089","IDF xh 2 /104",6,73,26,9,"OK"
"1090","IDF xh 2 /110",22,112,37,9,"OK"
"1091","IDF xh 2 /111",13,127,55,10,"OK"
"1092","IDF xh 2 /112",3,34,34,11,"Poor"
"1093","IDF xh 2 /112$6B.1",4,47,47,8,"Poor"
"1094","IDF xh 2 /113",2,30,30,14,"Poor"
"1095","IDF xh 2 /114",11,110,40,16,"OK"
"1096","IDF xh 2 /Ff01",2,47,47,8,"Poor"
"1097","IDF xh 2 /Fm01",4,60,60,6,"Poor"
"1098","IDF xk   /101",7,89,49,17,"OK"
"1099","IDF xk   /102",1,32,32,32,"Poor"
"1100","IDF xk   /102a",4,57,57,13,"Poor"
"1101","IDF xk   /102b",6,76,32,13,"OK"
"1102","IDF xk   /103",10,103,39,14,"OK"
"1103","IDF xk   /110",12,93,28,7,"OK"
"1104","IDF xk   /111",4,49,49,11,"Poor"
"1105","IDF xk   /112",11,103,35,9,"OK"
"1106","IDF xk   /113a",1,19,19,19,"Poor"
"1107","IDF xk   /Fm01",1,15,15,15,"Poor"
"1108","IDF xm   /01",34,132,49,17,"OK"
"1109","IDF xm   /02",8,73,41,12,"OK"
"1110","IDF xm   /03",5,73,41,31,"OK"
"1111","IDF xm   /04",6,62,39,17,"OK"
"1112","IDF xm   /05",9,89,55,10,"OK"
"1113","IDF xm   /06",1,37,37,37,"Poor"
"1114","IDF xm   /07",3,65,65,25,"Poor"
"1115","IDF xm   /08",9,116,74,12,"OK"
"1116","IDF xm   /09",4,83,83,18,"Poor"
"1117","IDF xm   /10",10,95,22,8,"OK"
"1118","IDF xm   /Ff01",1,24,24,24,"Poor"
"1119","IDF xm  /$At-Calarub",2,40,40,11,"Poor"
"1120","IDF xw   /01",14,83,48,21,"OK"
"1121","IDF xw   /02",2,45,45,24,"Poor"
"1122","IDF xw   /03",2,18,18,5,"Poor"
"1123","IDF xw   /04",4,51,51,13,"Poor"
"1124","IDF xx 1 /101",7,103,37,6,"OK"
"1125","IDF xx 1 /102",3,51,51,18,"Poor"
"1126","IDF xx 1 /103",6,71,28,11,"OK"
"1127","IDF xx 1 /104",13,110,35,8,"OK"
"1128","IDF xx 1 /110",7,80,39,8,"OK"
"1129","IDF xx 1 /111",2,50,50,6,"Poor"
"1130","IDF xx 2 /101.1",4,73,73,15,"Poor"
"1131","IDF xx 2 /101.2",7,86,46,12,"OK"
"1132","IDF xx 2 /102",1,29,29,29,"Poor"
"1133","IDF xx 2 /103",10,115,43,18,"OK"
"1134","IDF xx 2 /104",15,131,40,14,"OK"
"1135","IDF xx 2 /110",6,57,29,10,"OK"
"1136","IDF xx 2 /111",2,58,58,20,"Poor"
"1137","IDF xx 2 /112a",2,52,52,16,"Poor"
"1138","MH  mm 1 /01",36,158,32,8,"OK"
"1139","MH  mm 1 /02",26,113,20,3,"Poor"
"1140","MH  mm 1 /03",4,27,27,5,"Poor"
"1141","MH  mm 1 /04",9,86,37,10,"OK"
"1142","MH  mm 1 /05",9,111,40,5,"OK"
"1143","MH  mm 1 /06",2,30,30,10,"Poor"
"1144","MH  mm 1 /07",1,17,17,17,"Poor"
"1145","MH  mm 1 /08",5,58,18,6,"OK"
"1146","MH  mm 1 /09",7,84,43,12,"OK"
"1147","MH  mm 2 /01",177,141,19,5,"OK"
"1148","MH  mm 2 /02",33,68,20,4,"Poor"
"1149","MH  mm 2 /03",45,128,27,10,"OK"
"1150","MH  mm 2 /04",31,100,26,9,"OK"
"1151","MH  mm 2 /05",36,106,26,11,"OK"
"1152","MH  mm 2 /08",2,26,26,6,"Poor"
"1153","MH  wh   /101",1,31,31,31,"Poor"
"1154","MH  wh   /101a",21,83,30,12,"OK"
"1155","MH  wh   /101b",12,78,41,16,"OK"
"1156","MH  wh   /102",12,78,35,8,"OK"
"1157","MH  wh   /110",14,90,42,11,"OK"
"1158","MH  wh   /111",5,53,26,20,"OK"
"1159","MH  wh 1 /02",1,2,2,2,"Poor"
"1160","MH  wh 1 /04",1,9,9,9,"Poor"
"1161","MH  wh 1 /05",5,6,4,4,"Poor"
"1162","MS  dc 1 /101",16,88,26,10,"OK"
"1163","MS  dc 1 /102",2,19,19,7,"Poor"
"1164","MS  dc 1 /103",5,70,28,16,"OK"
"1165","MS  dc 1 /104",22,99,39,15,"OK"
"1166","MS  dc 1 /110",5,38,17,12,"OK"
"1167","MS  dc 1 /111",7,77,44,14,"OK"
"1168","MS  dc 1 /112",8,90,47,10,"OK"
"1169","MS  dc 2 /01",10,77,34,10,"OK"
"1170","MS  dc 2 /02",3,59,59,19,"Poor"
"1171","MS  dc 2 /04",1,17,17,17,"Poor"
"1172","MS  dc 2 /05",1,28,28,28,"Poor"
"1173","MS  dc 2 /06",2,54,54,19,"Poor"
"1174","MS  dc 2 /07",9,92,52,9,"OK"
"1175","MS  dc 2 /08",2,49,49,14,"Poor"
"1176","MS  dc 2 /103",9,71,40,11,"OK"
"1177","MS  dc 3 /101",22,107,38,18,"OK"
"1178","MS  dc 3 /102a",6,62,32,12,"OK"
"1179","MS  dc 3 /102b",8,83,45,13,"OK"
"1180","MS  dc 3 /103",21,112,34,15,"OK"
"1181","MS  dc 3 /110",6,52,29,12,"OK"
"1182","MS  dc 3 /111",7,90,51,18,"OK"
"1183","MS  dc 3 /112",8,106,66,18,"OK"
"1184","MS  dk   /$At-Calarub",1,43,43,43,"Poor"
"1185","MS  dk   /101",25,134,40,15,"OK"
"1186","MS  dk   /102",13,105,31,6,"OK"
"1187","MS  dk   /103",22,147,42,14,"OK"
"1188","MS  dk   /104",6,74,43,20,"OK"
"1189","MS  dk   /105",39,152,42,14,"OK"
"1190","MS  dk   /110.1",38,194,63,13,"OK"
"1191","MS  dk   /110.2",3,44,44,12,"Poor"
"1192","MS  dk   /111a",24,183,47,10,"OK"
"1193","MS  dk   /111b (Ws07)",3,77,77,21,"Poor"
"1194","MS  dk   /112a",1,27,27,27,"Poor"
"1195","MS  dk   /112b (Wb15)",4,105,105,16,"Poor"
"1196","MS  dk  /01-$At - Calarub",3,54,54,20,"Poor"
"1197","MS  dm 1 /101",17,99,44,17,"OK"
"1198","MS  dm 1 /102",3,59,59,24,"Poor"
"1199","MS  dm 1 /103",13,116,45,17,"OK"
"1200","MS  dm 1 /104",25,120,42,16,"OK"
"1201","MS  dm 1 /110",12,119,53,20,"OK"
"1202","MS  dm 1 /112",10,145,55,27,"OK"
"1203","MS  dm 1 /113",8,133,72,21,"OK"
"1204","MS  dm 1 /Fl05",3,45,45,5,"Poor"
"1205","MS  dm 2 /101",74,161,34,12,"OK"
"1206","MS  dm 2 /102",9,88,42,16,"OK"
"1207","MS  dm 2 /103",12,100,37,8,"OK"
"1208","MS  dm 2 /104",23,88,31,13,"OK"
"1209","MS  dm 2 /105",6,47,29,13,"OK"
"1210","MS  dm 2 /110",3,72,72,27,"Poor"
"1211","MS  dm 2 /111",26,159,48,17,"OK"
"1212","MS  dm 2 /112",5,60,32,18,"OK"
"1213","MS  dm 2 /113",10,107,39,12,"OK"
"1214","MS  dm 3 /101.1",23,119,43,14,"OK"
"1215","MS  dm 3 /101.2",5,63,25,15,"OK"
"1216","MS  dm 3 /102",5,76,32,18,"OK"
"1217","MS  dm 3 /103",4,65,65,19,"Poor"
"1218","MS  dm 3 /104",5,62,32,23,"OK"
"1219","MS  dm 3 /110",11,137,57,19,"OK"
"1220","MS  dm 3 /111",6,92,42,16,"OK"
"1221","MS  dm 3 /112",10,137,43,16,"OK"
"1222","MS  dv   /01",9,84,50,20,"OK"
"1223","MS  dv   /02",1,24,24,24,"Poor"
"1224","MS  dv   /03",1,38,38,38,"Poor"
"1225","MS  dv   /04",4,44,44,17,"Poor"
"1226","MS  dv   /05",5,38,24,16,"OK"
"1227","MS  dv   /06",3,53,53,17,"Poor"
"1228","MS  dv   /07",1,28,28,28,"Poor"
"1229","MS  dv   /08",1,39,39,39,"Poor"
"1230","MS  dv   /09",2,52,52,18,"Poor"
"1231","MS  dw   /101",10,93,36,18,"OK"
"1232","MS  dw   /102",11,96,32,10,"OK"
"1233","MS  dw   /103",13,95,36,10,"OK"
"1234","MS  dw   /104.1",11,86,34,13,"OK"
"1235","MS  dw   /104.2",17,110,37,11,"OK"
"1236","MS  dw   /110.1",17,151,63,13,"OK"
"1237","MS  dw   /110.2",2,56,56,19,"Poor"
"1238","MS  dw   /111a",9,139,65,10,"OK"
"1239","MS  dw   /111b (Ws07)",1,39,39,39,"Poor"
"1240","MS  dw   /112.1 (Wb16)",1,41,41,41,"Poor"
"1241","MS  dw   /112.2 (Wb15)",1,25,25,25,"Poor"
"1242","MS  xk 1 /101a",8,76,45,15,"OK"
"1243","MS  xk 1 /101b",17,88,30,15,"OK"
"1244","MS  xk 1 /102",6,68,35,10,"OK"
"1245","MS  xk 1 /103",8,50,24,9,"OK"
"1246","MS  xk 1 /104",23,96,33,12,"OK"
"1247","MS  xk 1 /105",14,70,37,12,"OK"
"1248","MS  xk 1 /110",9,92,49,17,"OK"
"1249","MS  xk 1 /111",7,103,52,21,"OK"
"1250","MS  xk 1 /112",8,102,51,15,"OK"
"1251","MS  xk 1 /113",2,53,53,16,"Poor"
"1252","MS  xk 2 /101",26,122,41,16,"OK"
"1253","MS  xk 2 /102",8,81,48,12,"OK"
"1254","MS  xk 2 /103",3,27,27,12,"Poor"
"1255","MS  xk 2 /104",4,49,49,10,"Poor"
"1256","MS  xk 2 /105",14,86,41,13,"OK"
"1257","MS  xk 2 /106",6,46,31,16,"OK"
"1258","MS  xk 2 /110",7,85,50,27,"OK"
"1259","MS  xk 2 /111",11,120,52,20,"OK"
"1260","MS  xk 2 /112",13,143,61,14,"OK"
"1261","MS  xk 2 /Fl05  ",1,26,26,26,"Poor"
"1262","MS  xk 3 /101",11,77,38,18,"OK"
"1263","MS  xk 3 /102",3,68,68,25,"Poor"
"1264","MS  xk 3 /103",11,93,37,15,"OK"
"1265","MS  xk 3 /110",12,71,36,13,"OK"
"1266","MS  xk 3 /111",6,102,53,20,"OK"
"1267","MS  xk 3 /112",9,102,61,17,"OK"
"1268","MS  xv   /01",66,154,32,15,"OK"
"1269","MS  xv   /02",10,68,34,13,"OK"
"1270","MS  xv   /03",6,39,26,13,"OK"
"1271","MS  xv   /04",38,114,34,14,"OK"
"1272","MS  xv   /04.2",12,67,33,14,"OK"
"1273","MS  xv   /05",7,78,35,13,"OK"
"1274","MS  xv   /06",28,159,48,13,"OK"
"1275","MS  xv   /07",9,86,58,13,"OK"
"1276","MS  xv   /08",3,44,44,24,"Poor"
"1277","MS  xv   /09",1,28,28,28,"Poor"
"1278","PP  xh 1 /101",30,150,32,11,"OK"
"1279","PP  xh 1 /102",5,72,19,10,"OK"
"1280","PP  xh 1 /103",4,66,66,13,"Poor"
"1281","PP  xh 1 /104",19,125,40,7,"OK"
"1282","PP  xh 1 /110",19,144,40,6,"OK"
"1283","PP  xh 1 /111",7,54,22,7,"OK"
"1284","PP  xh 1 /112",6,73,23,8,"OK"
"1285","PP  xh 1 /113",3,44,44,11,"Poor"
"1286","PP  xh 1 /Ff01",1,14,14,14,"Poor"
"1287","PP  xh 1 /Fm01",1,20,20,20,"Poor"
"1288","PP  xh 1 /Fm05",4,55,55,12,"Poor"
"1289","PP  xh 2 /101",13,104,30,12,"OK"
"1290","PP  xh 2 /102",5,44,19,9,"OK"
"1291","PP  xh 2 /103a",15,88,24,7,"OK"
"1292","PP  xh 2 /103b",15,117,32,11,"OK"
"1293","PP  xh 2 /104",1,9,9,9,"Poor"
"1294","PP  xh 2 /110.1",7,78,35,10,"OK"
"1295","PP  xh 2 /110.2",12,87,37,7,"OK"
"1296","PP  xh 2 /111",6,77,40,17,"OK"
"1297","PP  xh 2 /112",1,17,17,17,"Poor"
"1298","PP  xh 2 /Ff01",2,29,29,5,"Poor"
"1299","PP  xh 2 /Fm01",3,44,44,16,"Poor"
"1300","PP  xh 2 /Fm05",4,42,42,8,"Poor"
"1301","PP  xw   /101",12,87,34,9,"OK"
"1302","PP  xw   /102",4,47,47,11,"Poor"
"1303","PP  xw   /103",10,62,19,8,"OK"
"1304","PP  xw   /110",3,39,39,15,"Poor"
"1305","PP  xw   /111",2,35,35,11,"Poor"
"1306","SBPSdc   /01",21,81,40,20,"OK"
"1307","SBPSdc   /02",4,54,54,19,"Poor"
"1308","SBPSdc   /03",11,69,40,21,"OK"
"1309","SBPSdc   /04",8,74,46,24,"OK"
"1310","SBPSdc   /05",4,56,56,19,"Poor"
"1311","SBPSdc   /06",4,83,83,23,"Poor"
"1312","SBPSdc   /08",2,54,54,18,"Poor"
"1313","SBPSdc   /Fl05",1,16,16,16,"Poor"
"1314","SBPSdc   /Wb05",2,39,39,15,"Poor"
"1315","SBPSmc   /01",29,95,41,18,"OK"
"1316","SBPSmc   /02",22,61,21,10,"OK"
"1317","SBPSmc   /03",3,43,43,24,"Poor"
"1318","SBPSmc   /04",5,66,32,25,"OK"
"1319","SBPSmc   /05",5,78,50,30,"OK"
"1320","SBPSmc   /06",6,98,64,21,"OK"
"1321","SBPSmc   /Fl05",2,26,26,6,"Poor"
"1322","SBPSmc   /Wb01",5,35,23,11,"OK"
"1323","SBPSmk   /$At-Calarub",8,78,49,23,"OK"
"1324","SBPSmk   /01",38,176,66,24,"OK"
"1325","SBPSmk   /02",3,76,76,35,"Poor"
"1326","SBPSmk   /03",2,62,62,22,"Poor"
"1327","SBPSmk   /04",13,102,55,28,"OK"
"1328","SBPSmk   /05",1,40,40,40,"Poor"
"1329","SBPSmk   /06",4,107,107,33,"Poor"
"1330","SBPSmk   /07",7,148,87,19,"OK"
"1331","SBPSmk   /08",3,49,49,17,"Poor"
"1332","SBPSmk   /50Fl05",2,41,41,10,"Poor"
"1333","SBPSmk   /Wb08",3,79,79,30,"Poor"
"1334","SBPSxc   /$At-Calarub",1,26,26,26,"Poor"
"1335","SBPSxc   /01",41,115,43,18,"OK"
"1336","SBPSxc   /02",26,98,41,13,"OK"
"1337","SBPSxc   /03",7,95,59,15,"OK"
"1338","SBPSxc   /04",9,101,61,22,"OK"
"1339","SBPSxc   /05",4,70,70,19,"Poor"
"1340","SBPSxc   /06",3,78,78,33,"Poor"
"1341","SBS dh 1 /01",19,122,60,21,"OK"
"1342","SBS dh 1 /02",6,61,34,14,"OK"
"1343","SBS dh 1 /03",4,83,83,20,"Poor"
"1344","SBS dh 1 /04",9,87,63,26,"OK"
"1345","SBS dh 1 /05",4,61,61,37,"Poor"
"1346","SBS dh 1 /06",9,101,69,37,"OK"
"1347","SBS dh 1 /07",9,107,72,24,"OK"
"1348","SBS dh 1 /Fm02",1,11,11,11,"Poor"
"1349","SBS dh 1 /Wb05",7,119,64,18,"OK"
"1350","SBS dk   /01",30,148,52,21,"OK"
"1351","SBS dk   /01-04 $5B At - Snowberry - Pin Cherry",6,49,24,11,"OK"
"1352","SBS dk   /01-06 $5B At - Cowparsnip",5,65,33,21,"OK"
"1353","SBS dk   /01-06 $5B At - Peavine",18,108,47,15,"OK"
"1354","SBS dk   /01-06 $5M AtSx - Rose (mature)",5,71,44,27,"OK"
"1355","SBS dk   /01 $6B At - Rose",7,72,45,9,"OK"
"1356","SBS dk   /01$ WsDm - Black twinberry - Thimbleberry",4,59,59,19,"Poor"
"1357","SBS dk   /02",4,68,68,15,"Poor"
"1358","SBS dk   /03",13,83,34,12,"OK"
"1359","SBS dk   /03 $5B At - Douglas Maple Colluvial (5)",3,47,47,20,"Poor"
"1360","SBS dk   /03 $5B At - Saskatoon - Kinnikinnick",6,95,44,20,"OK"
"1361","SBS dk   /04",3,70,70,23,"Poor"
"1362","SBS dk   /04 $ Aspen - Juniper - Grass%",1,30,30,30,"Poor"
"1363","SBS dk   /05",9,84,49,16,"OK"
"1364","SBS dk   /05-01 $5B At - Hardhack",5,70,37,24,"OK"
"1365","SBS dk   /05-01 $6B At - Snowberry - Peavine",8,73,39,13,"OK"
"1366","SBS dk   /06",14,121,64,24,"OK"
"1367","SBS dk   /06-07 $5C Act(At) - Lathnev",10,92,42,17,"OK"
"1368","SBS dk   /06 $5B AtWs - Dogwood",4,69,69,20,"Poor"
"1369","SBS dk   /06 $5B Ep - DevilsClub",5,73,44,24,"OK"
"1370","SBS dk   /06 $5B EpAt - Dogwood - Peavine",11,88,45,16,"OK"
"1371","SBS dk   /06 $5M AtSx - Thimbleberry - Oakfern",7,79,45,17,"OK"
"1372","SBS dk   /07",7,119,56,17,"OK"
"1373","SBS dk   /07 $5B At - Black twinberry - Bluejoint",4,66,66,23,"Poor"
"1374","SBS dk   /07 $5B At - Black twinberry - Horsetail",6,57,31,11,"OK"
"1375","SBS dk   /Fl05",8,57,19,4,"Poor"
"1376","SBS dk   /Fm02a",9,88,53,17,"OK"
"1377","SBS dk   /Fm02b",8,97,57,17,"OK"
"1378","SBS dk   /Wb01",12,82,19,7,"OK"
"1379","SBS dk   /Wb07",1,7,7,7,"Poor"
"1380","SBS dk   /Wb08",11,111,36,12,"OK"
"1381","SBS dk   /Ws03",3,46,46,18,"Poor"
"1382","SBS dk   /Ws07",9,112,57,17,"OK"
"1383","SBS dw 1 /$At-Calarub",1,29,29,29,"Poor"
"1384","SBS dw 1 /01",40,152,67,36,"OK"
"1385","SBS dw 1 /02",5,81,41,25,"OK"
"1386","SBS dw 1 /03",6,104,62,24,"OK"
"1387","SBS dw 1 /04",6,83,55,26,"OK"
"1388","SBS dw 1 /05",6,76,52,22,"OK"
"1389","SBS dw 1 /06",2,64,64,40,"Poor"
"1390","SBS dw 1 /07",7,116,82,32,"OK"
"1391","SBS dw 1 /08",5,90,59,29,"OK"
"1392","SBS dw 1 /09",5,116,55,32,"OK"
"1393","SBS dw 1 /Fl2",1,22,22,22,"Poor"
"1394","SBS dw 2 /01",39,144,57,28,"OK"
"1395","SBS dw 2 /02",2,59,59,17,"Poor"
"1396","SBS dw 2 /03",2,42,42,23,"Poor"
"1397","SBS dw 2 /04",6,86,41,22,"OK"
"1398","SBS dw 2 /05",4,51,51,22,"Poor"
"1399","SBS dw 2 /06",19,115,55,26,"OK"
"1400","SBS dw 2 /07",6,83,51,26,"OK"
"1401","SBS dw 2 /08",15,145,67,27,"OK"
"1402","SBS dw 2 /09",4,74,74,24,"Poor"
"1403","SBS dw 2 /10",4,72,72,23,"Poor"
"1404","SBS dw 2 /Wb08",1,28,28,28,"Poor"
"1405","SBS dw 3 /01",18,112,67,28,"OK"
"1406","SBS dw 3 /02",4,83,83,29,"Poor"
"1407","SBS dw 3 /03",4,54,54,24,"Poor"
"1408","SBS dw 3 /04",11,103,56,26,"OK"
"1409","SBS dw 3 /05",12,96,47,22,"OK"
"1410","SBS dw 3 /06",5,67,48,32,"OK"
"1411","SBS dw 3 /07",5,79,49,30,"OK"
"1412","SBS dw 3 /08",6,94,66,36,"OK"
"1413","SBS dw 3 /09",3,72,72,26,"Poor"
"1414","SBS dw 3 /09Ws07",1,43,43,43,"Poor"
"1415","SBS dw 3 /Fl05",1,18,18,18,"Poor"
"1416","SBS dw 3 /Wb05",4,63,63,14,"Poor"
"1417","SBS dw 3 /Wb08",3,70,70,29,"Poor"
"1418","SBS dw 3 /Wb09",2,53,53,7,"Poor"
"1419","SBS dw 3 /Wb12",1,9,9,9,"Poor"
"1420","SBS mc 1 /01",26,128,46,18,"OK"
"1421","SBS mc 1 /02",2,55,55,26,"Poor"
"1422","SBS mc 1 /03",2,52,52,12,"Poor"
"1423","SBS mc 1 /04",4,52,52,24,"Poor"
"1424","SBS mc 1 /05",3,86,86,58,"Poor"
"1425","SBS mc 1 /06",6,81,51,27,"OK"
"1426","SBS mc 1 /07",1,24,24,24,"Poor"
"1427","SBS mc 1 /08",7,107,63,28,"OK"
"1428","SBS mc 1 /08Ws07",1,37,37,37,"Poor"
"1429","SBS mc 2 /01",116,207,44,12,"OK"
"1430","SBS mc 2 /02",18,101,37,14,"OK"
"1431","SBS mc 2 /03",6,71,40,19,"OK"
"1432","SBS mc 2 /04",19,115,50,18,"OK"
"1433","SBS mc 2 /05",8,117,71,37,"OK"
"1434","SBS mc 2 /06",20,118,52,22,"OK"
"1435","SBS mc 2 /07",1,36,36,36,"Poor"
"1436","SBS mc 2 /08",3,52,52,32,"Poor"
"1437","SBS mc 2 /09",15,111,52,24,"OK"
"1438","SBS mc 2 /10",8,127,73,28,"OK"
"1439","SBS mc 2 /10Ws07",1,31,31,31,"Poor"
"1440","SBS mc 2 /11",4,72,72,26,"Poor"
"1441","SBS mc 2 /ActAt-Devils club",1,19,19,19,"Poor"
"1442","SBS mc 2 /Fl1",1,22,22,22,"Poor"
"1443","SBS mc 2 /Fm02a",1,29,29,29,"Poor"
"1444","SBS mc 2 /Wb05",15,129,39,15,"OK"
"1445","SBS mc 2 /Wb08",1,26,26,26,"Poor"
"1446","SBS mc 2 /Wb09",8,101,54,16,"OK"
"1447","SBS mc 2 /Wb10",2,35,35,12,"Poor"
"1448","SBS mc 2 /Wb11",2,55,55,16,"Poor"
"1449","SBS mc 2 /Wb12",4,22,22,15,"Poor"
"1450","SBS mc 2 /Ws07",4,79,79,19,"Poor"
"1451","SBS mc 3 /01",8,65,43,26,"OK"
"1452","SBS mc 3 /02",2,47,47,16,"Poor"
"1453","SBS mc 3 /03",5,49,31,23,"OK"
"1454","SBS mc 3 /04",6,73,50,21,"OK"
"1455","SBS mc 3 /05",7,55,41,17,"OK"
"1456","SBS mc 3 /06",2,45,45,20,"Poor"
"1457","SBS mc 3 /07",8,87,65,31,"OK"
"1458","SBS mc 3 /08",8,93,64,24,"OK"
"1459","SBS mh   /01",13,119,76,33,"OK"
"1460","SBS mh   /02",1,38,38,38,"Poor"
"1461","SBS mh   /03",2,60,60,20,"Poor"
"1462","SBS mh   /04",8,95,60,26,"OK"
"1463","SBS mh   /05",11,99,56,31,"OK"
"1464","SBS mh   /06",3,93,93,51,"Poor"
"1465","SBS mh   /07",6,95,56,28,"OK"
"1466","SBS mh   /09",1,41,41,41,"Poor"
"1467","SBS mk   /Fl05",1,14,14,14,"Poor"
"1468","SBS mk   /Ws07",1,28,28,28,"Poor"
"1469","SBS mk 1 /01",14,104,67,35,"OK"
"1470","SBS mk 1 /02",2,68,68,36,"Poor"
"1471","SBS mk 1 /03",7,65,41,21,"OK"
"1472","SBS mk 1 /04",8,79,52,25,"OK"
"1473","SBS mk 1 /05",6,85,57,33,"OK"
"1474","SBS mk 1 /06",8,101,69,28,"OK"
"1475","SBS mk 1 /07",10,118,65,31,"OK"
"1476","SBS mk 1 /08",5,82,50,35,"OK"
"1477","SBS mk 1 /09",12,153,65,24,"OK"
"1478","SBS mk 1 /Wb05",4,50,50,5,"Poor"
"1479","SBS mk 1 /Wb13",1,17,17,17,"Poor"
"1480","SBS mk 2 /01",18,105,63,22,"OK"
"1481","SBS mk 2 /02",6,80,49,25,"OK"
"1482","SBS mk 2 /03",11,97,52,20,"OK"
"1483","SBS mk 2 /04",7,85,53,23,"OK"
"1484","SBS mk 2 /05",12,104,58,22,"OK"
"1485","SBS mk 2 /06",3,63,63,33,"Poor"
"1486","SBS mk 2 /Wb05",6,62,50,28,"OK"
"1487","SBS mm   /101",41,117,30,10,"OK"
"1488","SBS mm   /102",2,34,34,15,"Poor"
"1489","SBS mm   /103",7,56,35,14,"OK"
"1490","SBS mm   /104",4,59,59,15,"Poor"
"1491","SBS mm   /110",14,84,44,13,"OK"
"1492","SBS mm   /111",6,81,36,11,"OK"
"1493","SBS mm   /112",2,37,37,12,"Poor"
"1494","SBS mm   /113",5,57,23,17,"OK"
"1495","SBS mm   /114 (Wb07)",3,48,48,18,"Poor"
"1496","SBS mw   /01",26,142,67,33,"OK"
"1497","SBS mw   /02",3,60,60,25,"Poor"
"1498","SBS mw   /03",5,60,43,28,"OK"
"1499","SBS mw   /04",14,125,56,19,"OK"
"1500","SBS mw   /05",14,123,74,21,"OK"
"1501","SBS mw   /06",12,134,55,22,"OK"
"1502","SBS mw   /07",6,121,62,25,"OK"
"1503","SBS mw   /08",10,145,49,27,"OK"
"1504","SBS mw   /09",5,125,57,37,"OK"
"1505","SBS mw   /09Ws07",2,48,48,13,"Poor"
"1506","SBS mw   /11",12,105,59,21,"OK"
"1507","SBS mw   /12",3,67,67,28,"Poor"
"1508","SBS mw   /13",4,67,67,20,"Poor"
"1509","SBS mw   /14",1,45,45,45,"Poor"
"1510","SBS mw   /Wb01",6,103,47,15,"OK"
"1511","SBS mw   /Wb05",3,63,63,23,"Poor"
"1512","SBS mw   /Wb08",1,46,46,46,"Poor"
"1513","SBS mw   /Wb09",1,20,20,20,"Poor"
"1514","SBS un   /Fm02",1,20,20,20,"Poor"
"1515","SBS vk   /01",50,152,46,21,"OK"
"1516","SBS vk   /02",6,89,49,20,"OK"
"1517","SBS vk   /03",4,67,67,22,"Poor"
"1518","SBS vk   /04",18,95,44,18,"OK"
"1519","SBS vk   /05",16,93,40,23,"OK"
"1520","SBS vk   /06",5,83,48,31,"OK"
"1521","SBS vk   /07",5,79,42,32,"OK"
"1522","SBS vk   /08",1,28,28,28,"Poor"
"1523","SBS vk   /Fl01",1,33,33,33,"Poor"
"1524","SBS vk   /Fl02",10,88,33,14,"OK"
"1525","SBS vk   /Fl04",2,34,34,9,"Poor"
"1526","SBS vk   /Fm02a",3,42,42,27,"Poor"
"1527","SBS vk   /Fm03",3,47,47,23,"Poor"
"1528","SBS vk   /Wb02",17,84,26,7,"OK"
"1529","SBS vk   /Wb12",6,47,25,8,"OK"
"1530","SBS vk   /Ws01",2,27,27,4,"Poor"
"1531","SBS vk   /Ws09",8,96,43,18,"OK"
"1532","SBS vk   /Ws11",5,75,39,25,"OK"
"1533","SBS wk 1 /01",48,168,53,21,"OK"
"1534","SBS wk 1 /02",5,46,18,13,"OK"
"1535","SBS wk 1 /03",14,79,44,16,"OK"
"1536","SBS wk 1 /04",9,110,66,22,"OK"
"1537","SBS wk 1 /05",27,138,53,24,"OK"
"1538","SBS wk 1 /06",6,96,50,21,"OK"
"1539","SBS wk 1 /07",16,141,56,20,"OK"
"1540","SBS wk 1 /08",21,128,54,23,"OK"
"1541","SBS wk 1 /09",7,118,60,20,"OK"
"1542","SBS wk 1 /10",7,95,60,20,"OK"
"1543","SBS wk 1 /11",1,26,26,26,"Poor"
"1544","SBS wk 1 /Fl02",10,77,32,13,"OK"
"1545","SBS wk 1 /Fl04a",1,28,28,28,"Poor"
"1546","SBS wk 1 /Fl05a",3,54,54,18,"Poor"
"1547","SBS wk 1 /Wb02",10,53,14,6,"OK"
"1548","SBS wk 1 /Wb05",3,36,36,14,"Poor"
"1549","SBS wk 1 /Wb09",3,78,78,26,"Poor"
"1550","SBS wk 1 /Wb11",4,75,75,11,"Poor"
"1551","SBS wk 1 /Ws01",4,72,72,16,"Poor"
"1552","SBS wk 1 /Ws09",9,98,55,14,"OK"
"1553","SBS wk 2 /01",32,134,55,19,"OK"
"1554","SBS wk 2 /02",3,34,34,16,"Poor"
"1555","SBS wk 2 /03",18,109,52,17,"OK"
"1556","SBS wk 2 /04",8,93,63,16,"OK"
"1557","SBS wk 2 /05",12,79,46,16,"OK"
"1558","SBS wk 2 /06",18,136,59,21,"OK"
"1559","SBS wk 2 /Wb06",1,20,20,20,"Poor"
"1560","SBS wk 3 /01",11,104,58,34,"OK"
"1561","SBS wk 3 /02",5,49,30,18,"OK"
"1562","SBS wk 3 /03",2,47,47,22,"Poor"
"1563","SBS wk 3 /04",5,78,52,36,"OK"
"1564","SBS wk 3 /06",7,96,60,24,"OK"
"1565","SBS wk 3 /07",8,78,50,26,"OK"
"1566","SBS wk 3 /08",1,39,39,39,"Poor"
"1567","SBS wk 3 /Wb09",2,57,57,14,"Poor"
"1568","SBS wk 3a/01",8,75,60,33,"OK"
"1569","SBS wk 3a/03",7,66,51,21,"OK"
"1570","SBS wk 3a/04",6,65,50,28,"OK"
"1571","SBS wk 3a/07",7,66,45,22,"OK"
"1572","SWB all  /Wb03",1,8,8,8,"Poor"
"1573","SWB dk   /At-Festalt",1,14,14,14,"Poor"
"1574","SWB mk 1 /01",32,159,31,8,"OK"
"1575","SWB mk 1 /02",8,97,40,6,"OK"
"1576","SWB mk 1 /03",8,58,37,11,"OK"
"1577","SWB mk 1 /04",18,102,28,7,"OK"
"1578","SWB mk 1 /05",10,89,25,10,"OK"
"1579","SWB mk 1 /06",8,102,43,6,"OK"
"1580","SWB mk 1 /07",7,59,30,6,"OK"
"1581","SWB mk 1 /08",26,189,49,7,"OK"
"1582","Wb02",3,32,32,6,"Poor"
"1583","Wb04",1,31,31,31,"Poor"
"1584","Wb06",5,50,19,11,"OK"
"1585","Wb08",2,46,46,8,"Poor"
"1586","Wb09",6,85,39,9,"OK"
"1587","Wb11",1,26,26,26,"Poor"
"1588","Wb13",5,43,13,7,"OK"
"1589","Wb51",1,29,29,29,"Poor"
"1590","Wb53",2,60,60,13,"Poor"
"1591","Wet-Aspen",4,65,65,8,"Poor"
"1592","Ws01",3,47,47,11,"Poor"
"1593","Ws09",1,35,35,35,"Poor"
