"Species","G1","G1Cov","G1Const","G2","G2Cov","G2Const","ConstDiff","DomDiff","Const","Value","Type"
"ACHIMIL","SUBASS PyFd-Pseuspi(Racomit)",1,88.8888888888889,"%ASSOC BlFd - Acergla (ESSFs xeric)",0.75,66.6666666666667,22.2222222222222,NA,"cm",0,"7"
"AMELALN","SUBASS PyFd-Pseuspi(Racomit)",3.27777777777778,88.8888888888889,"%ASSOC BlFd - Acergla (ESSFs xeric)",1.5,83.3333333333333,5.55555555555554,NA,"c",0.888888888888889,"4"
"BERBAQU","SUBASS PyFd-Pseuspi(Racomit)",0.611111111111111,77.7777777777778,"%ASSOC BlFd - Acergla (ESSFs xeric)",0.95,66.6666666666667,11.1111111111111,NA,"cm",0,"3"
"PAXIMYR","SUBASS PyFd-Pseuspi(Racomit)",2.23333333333333,77.7777777777778,"%ASSOC BlFd - Acergla (ESSFs xeric)",0.95,83.3333333333333,5.55555555555556,NA,"c",0.777777777777778,"3"
"PELTMAL","SUBASS PyFd-Pseuspi(Racomit)",2.11111111111111,66.6666666666667,"%ASSOC BlFd - Acergla (ESSFs xeric)",0.0833333333333333,16.6666666666667,50,NA,"c",0.333333333333333,"11"
"PENSFRU","SUBASS PyFd-Pseuspi(Racomit)",2.44444444444444,77.7777777777778,"%ASSOC BlFd - Acergla (ESSFs xeric)",0.0666666666666667,33.3333333333333,44.4444444444445,NA,"c",0.777777777777778,"7"
"PINUPON","SUBASS PyFd-Pseuspi(Racomit)",7.66666666666667,66.6666666666667,"%ASSOC BlFd - Acergla (ESSFs xeric)",0,0,66.6666666666667,NA,"c",2,"1"
"POLYJUN","SUBASS PyFd-Pseuspi(Racomit)",3.77777777777778,66.6666666666667,"%ASSOC BlFd - Acergla (ESSFs xeric)",0.333333333333333,33.3333333333333,33.3333333333333,NA,"c",0.333333333333333,"9"
"POLYPIL","SUBASS PyFd-Pseuspi(Racomit)",3.05555555555556,77.7777777777778,"%ASSOC BlFd - Acergla (ESSFs xeric)",0,0,77.7777777777778,NA,"c",1.16666666666667,"9"
"PSEUMEN","SUBASS PyFd-Pseuspi(Racomit)",11,77.7777777777778,"%ASSOC BlFd - Acergla (ESSFs xeric)",7.16666666666667,50,27.7777777777778,NA,"cd",1.55555555555556,"1"
"PSEUSPI","SUBASS PyFd-Pseuspi(Racomit)",5,88.8888888888889,"%ASSOC BlFd - Acergla (ESSFs xeric)",0.5,33.3333333333333,55.5555555555556,NA,"c",0.888888888888889,"6"
"ALLICER","ASSOC Pseumen-Pseuspi-Hylospl (cool aspect)",0.677272727272727,72.7272727272727,"SUBASS Fd-Junisco-Pseuspi (Arctuva)",0.428,80,7.27272727272727,NA,"cm",0,"7"
"HYLOSPL","ASSOC Pseumen-Pseuspi-Hylospl (cool aspect)",22.2727272727273,81.8181818181818,"SUBASS Fd-Junisco-Pseuspi (Arctuva)",0.766666666666667,40,41.8181818181818,NA,"cd",0.818181818181818,"9"
"JUNISCO","ASSOC Pseumen-Pseuspi-Hylospl (cool aspect)",3.03636363636364,77.2727272727273,"SUBASS Fd-Junisco-Pseuspi (Arctuva)",6.22,86.6666666666667,9.39393939393941,NA,"c",0.772727272727273,"1"
"PELTCAN","ASSOC Pseumen-Pseuspi-Hylospl (cool aspect)",3.63636363636364,63.6363636363636,"SUBASS Fd-Junisco-Pseuspi (Arctuva)",0.14,26.6666666666667,36.969696969697,NA,"c",0.318181818181818,"11"
"PSEUMEN","ASSOC Pseumen-Pseuspi-Hylospl (cool aspect)",37.6,95.4545454545455,"SUBASS Fd-Junisco-Pseuspi (Arctuva)",29.1133333333333,100,4.54545454545455,NA,"cd",1.90909090909091,"1"
"PSEUSPI","ASSOC Pseumen-Pseuspi-Hylospl (cool aspect)",12.8181818181818,68.1818181818182,"SUBASS Fd-Junisco-Pseuspi (Arctuva)",5.34466666666667,86.6666666666667,18.4848484848485,NA,"cd",1.36363636363636,"6"
"ALLICER","ASSOC Pseumen-Pseuspi-Hylospl (cool aspect)",0.677272727272727,72.7272727272727,"ASSOC Fd-Festsxi-Pseuspi(Festcam)",0.922222222222222,50,22.7272727272727,NA,"cm",0,"7"
"HYLOSPL","ASSOC Pseumen-Pseuspi-Hylospl (cool aspect)",22.2727272727273,81.8181818181818,"ASSOC Fd-Festsxi-Pseuspi(Festcam)",0.277777777777778,22.2222222222222,59.5959595959596,6,"cd",0.818181818181818,"9"
"JUNISCO","ASSOC Pseumen-Pseuspi-Hylospl (cool aspect)",3.03636363636364,77.2727272727273,"ASSOC Fd-Festsxi-Pseuspi(Festcam)",1.22222222222222,27.7777777777778,49.4949494949495,NA,"c",0.772727272727273,"1"
"PELTCAN","ASSOC Pseumen-Pseuspi-Hylospl (cool aspect)",3.63636363636364,63.6363636363636,"ASSOC Fd-Festsxi-Pseuspi(Festcam)",0.561111111111111,38.8888888888889,24.7474747474747,NA,"c",0.318181818181818,"11"
"PSEUMEN","ASSOC Pseumen-Pseuspi-Hylospl (cool aspect)",37.6,95.4545454545455,"ASSOC Fd-Festsxi-Pseuspi(Festcam)",20.0555555555556,66.6666666666667,28.7878787878788,NA,"cd",1.90909090909091,"1"
"PSEUSPI","ASSOC Pseumen-Pseuspi-Hylospl (cool aspect)",12.8181818181818,68.1818181818182,"ASSOC Fd-Festsxi-Pseuspi(Festcam)",18.2777777777778,88.8888888888889,20.7070707070707,NA,"cd",1.36363636363636,"6"
"ALLICER","ASSOC Pseumen-Pseuspi-Hylospl (cool aspect)",0.677272727272727,72.7272727272727,"ASSOC PlFd-Junicom-Acergla (ESSFs xeric)",0.206666666666667,60,12.7272727272727,NA,"cm",0,"7"
"HYLOSPL","ASSOC Pseumen-Pseuspi-Hylospl (cool aspect)",22.2727272727273,81.8181818181818,"ASSOC PlFd-Junicom-Acergla (ESSFs xeric)",0.0333333333333333,6.66666666666667,75.1515151515152,7,"cd",1.63636363636364,"9"
"JUNISCO","ASSOC Pseumen-Pseuspi-Hylospl (cool aspect)",3.03636363636364,77.2727272727273,"ASSOC PlFd-Junicom-Acergla (ESSFs xeric)",0.733333333333333,20,57.2727272727273,NA,"c",0.772727272727273,"1"
"PELTCAN","ASSOC Pseumen-Pseuspi-Hylospl (cool aspect)",3.63636363636364,63.6363636363636,"ASSOC PlFd-Junicom-Acergla (ESSFs xeric)",0.1,13.3333333333333,50.3030303030303,NA,"c",0.318181818181818,"11"
"PSEUMEN","ASSOC Pseumen-Pseuspi-Hylospl (cool aspect)",37.6,95.4545454545455,"ASSOC PlFd-Junicom-Acergla (ESSFs xeric)",10.9466666666667,66.6666666666667,28.7878787878788,NA,"cd",1.90909090909091,"1"
"PSEUSPI","ASSOC Pseumen-Pseuspi-Hylospl (cool aspect)",12.8181818181818,68.1818181818182,"ASSOC PlFd-Junicom-Acergla (ESSFs xeric)",0.54,20,48.1818181818182,NA,"cd",1.36363636363636,"6"
"ALLICER","ASSOC Pseumen-Pseuspi-Hylospl (cool aspect)",0.677272727272727,72.7272727272727,"ASSOC Fd-Calarub-Pseuspi-Arctuva",0.1,15.7894736842105,56.9377990430622,NA,"cm",0,"7"
"HYLOSPL","ASSOC Pseumen-Pseuspi-Hylospl (cool aspect)",22.2727272727273,81.8181818181818,"ASSOC Fd-Calarub-Pseuspi-Arctuva",0,0,81.8181818181818,7,"cd",2.04545454545455,"9"
"JUNISCO","ASSOC Pseumen-Pseuspi-Hylospl (cool aspect)",3.03636363636364,77.2727272727273,"ASSOC Fd-Calarub-Pseuspi-Arctuva",0.210526315789474,21.0526315789474,56.2200956937799,NA,"c",0.772727272727273,"1"
"PELTCAN","ASSOC Pseumen-Pseuspi-Hylospl (cool aspect)",3.63636363636364,63.6363636363636,"ASSOC Fd-Calarub-Pseuspi-Arctuva",0.310526315789474,21.0526315789474,42.5837320574163,NA,"c",0.318181818181818,"11"
"PSEUMEN","ASSOC Pseumen-Pseuspi-Hylospl (cool aspect)",37.6,95.4545454545455,"ASSOC Fd-Calarub-Pseuspi-Arctuva",7.10526315789474,52.6315789473684,42.822966507177,NA,"cd",1.90909090909091,"1"
"PSEUSPI","ASSOC Pseumen-Pseuspi-Hylospl (cool aspect)",12.8181818181818,68.1818181818182,"ASSOC Fd-Calarub-Pseuspi-Arctuva",10.1684210526316,94.7368421052632,26.555023923445,NA,"cd",1.36363636363636,"6"
"ALLICER","ASSOC Pseumen-Pseuspi-Hylospl (cool aspect)",0.677272727272727,72.7272727272727,"SUBASS Fd-Pseuspi-Calarub(Junicom)",0.572222222222222,55.5555555555556,17.1717171717172,NA,"cm",0,"7"
"HYLOSPL","ASSOC Pseumen-Pseuspi-Hylospl (cool aspect)",22.2727272727273,81.8181818181818,"SUBASS Fd-Pseuspi-Calarub(Junicom)",0.0277777777777778,2.77777777777778,79.0404040404041,7,"cd",1.63636363636364,"9"
"JUNISCO","ASSOC Pseumen-Pseuspi-Hylospl (cool aspect)",3.03636363636364,77.2727272727273,"SUBASS Fd-Pseuspi-Calarub(Junicom)",2.68888888888889,52.7777777777778,24.4949494949495,NA,"c",0.772727272727273,"1"
"PELTCAN","ASSOC Pseumen-Pseuspi-Hylospl (cool aspect)",3.63636363636364,63.6363636363636,"SUBASS Fd-Pseuspi-Calarub(Junicom)",0.280555555555556,22.2222222222222,41.4141414141414,NA,"c",0.318181818181818,"11"
"PSEUMEN","ASSOC Pseumen-Pseuspi-Hylospl (cool aspect)",37.6,95.4545454545455,"SUBASS Fd-Pseuspi-Calarub(Junicom)",18.1166666666667,83.3333333333333,12.1212121212121,NA,"cd",1.90909090909091,"1"
"PSEUSPI","ASSOC Pseumen-Pseuspi-Hylospl (cool aspect)",12.8181818181818,68.1818181818182,"SUBASS Fd-Pseuspi-Calarub(Junicom)",11.8361111111111,94.4444444444444,26.2626262626263,NA,"cd",1.36363636363636,"6"
"ALLICER","ASSOC Pseumen-Pseuspi-Hylospl (cool aspect)",0.677272727272727,72.7272727272727,"SUBASS FdPy-Calarub(Pseuspi)(Arctuva)",0.236363636363636,81.8181818181818,9.09090909090909,NA,"cm",0,"7"
"HYLOSPL","ASSOC Pseumen-Pseuspi-Hylospl (cool aspect)",22.2727272727273,81.8181818181818,"SUBASS FdPy-Calarub(Pseuspi)(Arctuva)",0.790909090909091,45.4545454545455,36.3636363636364,NA,"cd",0.818181818181818,"9"
"JUNISCO","ASSOC Pseumen-Pseuspi-Hylospl (cool aspect)",3.03636363636364,77.2727272727273,"SUBASS FdPy-Calarub(Pseuspi)(Arctuva)",0.409090909090909,18.1818181818182,59.0909090909091,NA,"c",0.772727272727273,"1"
"PELTCAN","ASSOC Pseumen-Pseuspi-Hylospl (cool aspect)",3.63636363636364,63.6363636363636,"SUBASS FdPy-Calarub(Pseuspi)(Arctuva)",0,0,63.6363636363636,NA,"c",0.954545454545455,"11"
"PSEUMEN","ASSOC Pseumen-Pseuspi-Hylospl (cool aspect)",37.6,95.4545454545455,"SUBASS FdPy-Calarub(Pseuspi)(Arctuva)",21.6181818181818,100,4.54545454545455,NA,"cd",1.90909090909091,"1"
"PSEUSPI","ASSOC Pseumen-Pseuspi-Hylospl (cool aspect)",12.8181818181818,68.1818181818182,"SUBASS FdPy-Calarub(Pseuspi)(Arctuva)",3.13636363636364,54.5454545454545,13.6363636363636,NA,"cd",1.36363636363636,"6"
"ALLICER","ASSOC Pseumen-Pseuspi-Hylospl (cool aspect)",0.677272727272727,72.7272727272727,"ASSOC Pseumen-Calarub-Pleusch-Hylospl (Mossy cool aspect)",0.280459770114942,31.0344827586207,41.692789968652,NA,"cm",0,"7"
"HYLOSPL","ASSOC Pseumen-Pseuspi-Hylospl (cool aspect)",22.2727272727273,81.8181818181818,"ASSOC Pseumen-Calarub-Pleusch-Hylospl (Mossy cool aspect)",14.5252873563218,67.816091954023,14.0020898641588,NA,"cd",0.818181818181818,"9"
"JUNISCO","ASSOC Pseumen-Pseuspi-Hylospl (cool aspect)",3.03636363636364,77.2727272727273,"ASSOC Pseumen-Calarub-Pleusch-Hylospl (Mossy cool aspect)",0.514942528735632,31.0344827586207,46.2382445141066,NA,"c",0.772727272727273,"1"
"PELTCAN","ASSOC Pseumen-Pseuspi-Hylospl (cool aspect)",3.63636363636364,63.6363636363636,"ASSOC Pseumen-Calarub-Pleusch-Hylospl (Mossy cool aspect)",0.558620689655172,49.4252873563218,14.2110762800418,NA,"c",0.318181818181818,"11"
"PSEUMEN","ASSOC Pseumen-Pseuspi-Hylospl (cool aspect)",37.6,95.4545454545455,"ASSOC Pseumen-Calarub-Pleusch-Hylospl (Mossy cool aspect)",30.4080574712644,70.1149425287356,25.3396029258098,NA,"cd",1.90909090909091,"1"
"PSEUSPI","ASSOC Pseumen-Pseuspi-Hylospl (cool aspect)",12.8181818181818,68.1818181818182,"ASSOC Pseumen-Calarub-Pleusch-Hylospl (Mossy cool aspect)",0.352873563218391,20.6896551724138,47.4921630094044,NA,"cd",1.36363636363636,"6"
"ALLICER","ASSOC Pseumen-Pseuspi-Hylospl (cool aspect)",0.677272727272727,72.7272727272727,"%ASSOC BlFd - Acergla (ESSFs xeric)",0.533333333333333,50,22.7272727272727,NA,"cm",0,"7"
"HYLOSPL","ASSOC Pseumen-Pseuspi-Hylospl (cool aspect)",22.2727272727273,81.8181818181818,"%ASSOC BlFd - Acergla (ESSFs xeric)",0,0,81.8181818181818,7,"cd",2.04545454545455,"9"
"JUNISCO","ASSOC Pseumen-Pseuspi-Hylospl (cool aspect)",3.03636363636364,77.2727272727273,"%ASSOC BlFd - Acergla (ESSFs xeric)",0,0,77.2727272727273,NA,"c",2.31818181818182,"1"
"PELTCAN","ASSOC Pseumen-Pseuspi-Hylospl (cool aspect)",3.63636363636364,63.6363636363636,"%ASSOC BlFd - Acergla (ESSFs xeric)",0.116666666666667,33.3333333333333,30.3030303030303,NA,"c",0.318181818181818,"11"
"PSEUMEN","ASSOC Pseumen-Pseuspi-Hylospl (cool aspect)",37.6,95.4545454545455,"%ASSOC BlFd - Acergla (ESSFs xeric)",7.16666666666667,50,45.4545454545455,NA,"cd",1.90909090909091,"1"
"PSEUSPI","ASSOC Pseumen-Pseuspi-Hylospl (cool aspect)",12.8181818181818,68.1818181818182,"%ASSOC BlFd - Acergla (ESSFs xeric)",0.5,33.3333333333333,34.8484848484848,NA,"cd",1.36363636363636,"6"
"ALLICER","ASSOC Pseumen-Pseuspi-Hylospl (cool aspect)",0.677272727272727,72.7272727272727,"%ASSOC Pseumen-Acergla-Amelaln",0.1875,25,47.7272727272727,NA,"cm",0,"7"
"HYLOSPL","ASSOC Pseumen-Pseuspi-Hylospl (cool aspect)",22.2727272727273,81.8181818181818,"%ASSOC Pseumen-Acergla-Amelaln",0.4375,25,56.8181818181818,NA,"cd",0.818181818181818,"9"
"JUNISCO","ASSOC Pseumen-Pseuspi-Hylospl (cool aspect)",3.03636363636364,77.2727272727273,"%ASSOC Pseumen-Acergla-Amelaln",0.75,25,52.2727272727273,NA,"c",0.772727272727273,"1"
"PELTCAN","ASSOC Pseumen-Pseuspi-Hylospl (cool aspect)",3.63636363636364,63.6363636363636,"%ASSOC Pseumen-Acergla-Amelaln",1.0625,75,11.3636363636364,NA,"c",0.318181818181818,"11"
"PSEUMEN","ASSOC Pseumen-Pseuspi-Hylospl (cool aspect)",37.6,95.4545454545455,"%ASSOC Pseumen-Acergla-Amelaln",18.8125,75,20.4545454545455,NA,"cd",1.90909090909091,"1"
"PSEUSPI","ASSOC Pseumen-Pseuspi-Hylospl (cool aspect)",12.8181818181818,68.1818181818182,"%ASSOC Pseumen-Acergla-Amelaln",0.5,25,43.1818181818182,NA,"cd",1.36363636363636,"6"
"ALLICER","ASSOC Pseumen-Pseuspi-Hylospl (cool aspect)",0.677272727272727,72.7272727272727,"SUBASS FdLw-Calarub-Arctuva(typic)",0.109767441860465,27.906976744186,44.8202959830867,NA,"cm",0,"7"
"HYLOSPL","ASSOC Pseumen-Pseuspi-Hylospl (cool aspect)",22.2727272727273,81.8181818181818,"SUBASS FdLw-Calarub-Arctuva(typic)",0.13953488372093,4.65116279069767,77.1670190274842,6,"cd",1.63636363636364,"9"
"JUNISCO","ASSOC Pseumen-Pseuspi-Hylospl (cool aspect)",3.03636363636364,77.2727272727273,"SUBASS FdLw-Calarub-Arctuva(typic)",0.604651162790698,23.2558139534884,54.0169133192389,NA,"c",0.772727272727273,"1"
"PELTCAN","ASSOC Pseumen-Pseuspi-Hylospl (cool aspect)",3.63636363636364,63.6363636363636,"SUBASS FdLw-Calarub-Arctuva(typic)",0.20953488372093,20.9302325581395,42.7061310782241,NA,"c",0.318181818181818,"11"
"PSEUMEN","ASSOC Pseumen-Pseuspi-Hylospl (cool aspect)",37.6,95.4545454545455,"SUBASS FdLw-Calarub-Arctuva(typic)",25.4423255813953,88.3720930232558,7.08245243128964,NA,"cd",1.90909090909091,"1"
"PSEUSPI","ASSOC Pseumen-Pseuspi-Hylospl (cool aspect)",12.8181818181818,68.1818181818182,"SUBASS FdLw-Calarub-Arctuva(typic)",1.55813953488372,34.8837209302326,33.2980972515856,NA,"cd",1.36363636363636,"6"
"ALLICER","ASSOC Pseumen-Pseuspi-Hylospl (cool aspect)",0.677272727272727,72.7272727272727,"SUBASS Fd-Junicom-Arctuva(typic)",0.246666666666667,46.6666666666667,26.0606060606061,NA,"cm",0,"7"
"HYLOSPL","ASSOC Pseumen-Pseuspi-Hylospl (cool aspect)",22.2727272727273,81.8181818181818,"SUBASS Fd-Junicom-Arctuva(typic)",0.0366666666666667,6.66666666666667,75.1515151515152,7,"cd",1.63636363636364,"9"
"JUNISCO","ASSOC Pseumen-Pseuspi-Hylospl (cool aspect)",3.03636363636364,77.2727272727273,"SUBASS Fd-Junicom-Arctuva(typic)",0.82,26.6666666666667,50.6060606060606,NA,"c",0.772727272727273,"1"
"PELTCAN","ASSOC Pseumen-Pseuspi-Hylospl (cool aspect)",3.63636363636364,63.6363636363636,"SUBASS Fd-Junicom-Arctuva(typic)",0.1,10,53.6363636363636,NA,"c",0.318181818181818,"11"
"PSEUMEN","ASSOC Pseumen-Pseuspi-Hylospl (cool aspect)",37.6,95.4545454545455,"SUBASS Fd-Junicom-Arctuva(typic)",15.9133333333333,83.3333333333333,12.1212121212121,NA,"cd",1.90909090909091,"1"
"PSEUSPI","ASSOC Pseumen-Pseuspi-Hylospl (cool aspect)",12.8181818181818,68.1818181818182,"SUBASS Fd-Junicom-Arctuva(typic)",0.82,30,38.1818181818182,NA,"cd",1.36363636363636,"6"
"ALLICER","ASSOC Pseumen-Pseuspi-Hylospl (cool aspect)",0.677272727272727,72.7272727272727,"SUBASS FdPl-Junicom-Arctuva (typic)",0.0813953488372093,27.906976744186,44.8202959830867,NA,"cm",0,"7"
"HYLOSPL","ASSOC Pseumen-Pseuspi-Hylospl (cool aspect)",22.2727272727273,81.8181818181818,"SUBASS FdPl-Junicom-Arctuva (typic)",0.361162790697674,23.2558139534884,58.5623678646935,NA,"cd",0.818181818181818,"9"
"JUNISCO","ASSOC Pseumen-Pseuspi-Hylospl (cool aspect)",3.03636363636364,77.2727272727273,"SUBASS FdPl-Junicom-Arctuva (typic)",0.565116279069767,32.5581395348837,44.7145877378435,NA,"c",0.772727272727273,"1"
"PELTCAN","ASSOC Pseumen-Pseuspi-Hylospl (cool aspect)",3.63636363636364,63.6363636363636,"SUBASS FdPl-Junicom-Arctuva (typic)",1.52558139534884,39.5348837209302,24.1014799154334,NA,"c",0.318181818181818,"11"
"PSEUMEN","ASSOC Pseumen-Pseuspi-Hylospl (cool aspect)",37.6,95.4545454545455,"SUBASS FdPl-Junicom-Arctuva (typic)",19.1488372093023,67.4418604651163,28.0126849894292,NA,"cd",1.90909090909091,"1"
"PSEUSPI","ASSOC Pseumen-Pseuspi-Hylospl (cool aspect)",12.8181818181818,68.1818181818182,"SUBASS FdPl-Junicom-Arctuva (typic)",0.658139534883721,32.5581395348837,35.6236786469345,NA,"cd",1.36363636363636,"6"
"ALLICER","ASSOC Pseumen-Pseuspi-Hylospl (cool aspect)",0.677272727272727,72.7272727272727,"SUBASS Py-Pseuspi-Festcam(typic)",0.285714285714286,46.4285714285714,26.2987012987013,NA,"cm",0,"7"
"HYLOSPL","ASSOC Pseumen-Pseuspi-Hylospl (cool aspect)",22.2727272727273,81.8181818181818,"SUBASS Py-Pseuspi-Festcam(typic)",0,0,81.8181818181818,7,"cd",2.04545454545455,"9"
"JUNISCO","ASSOC Pseumen-Pseuspi-Hylospl (cool aspect)",3.03636363636364,77.2727272727273,"SUBASS Py-Pseuspi-Festcam(typic)",0.428571428571429,17.8571428571429,59.4155844155844,NA,"c",0.772727272727273,"1"
"PELTCAN","ASSOC Pseumen-Pseuspi-Hylospl (cool aspect)",3.63636363636364,63.6363636363636,"SUBASS Py-Pseuspi-Festcam(typic)",0.178571428571429,10.7142857142857,52.9220779220779,NA,"c",0.318181818181818,"11"
"PSEUMEN","ASSOC Pseumen-Pseuspi-Hylospl (cool aspect)",37.6,95.4545454545455,"SUBASS Py-Pseuspi-Festcam(typic)",7.00357142857143,50,45.4545454545455,NA,"cd",1.90909090909091,"1"
"PSEUSPI","ASSOC Pseumen-Pseuspi-Hylospl (cool aspect)",12.8181818181818,68.1818181818182,"SUBASS Py-Pseuspi-Festcam(typic)",15.8392857142857,100,31.8181818181818,NA,"cd",1.36363636363636,"6"
"ALLICER","ASSOC Pseumen-Pseuspi-Hylospl (cool aspect)",0.677272727272727,72.7272727272727,"SUBASS Py(Fd)-Pseuspi(Ericnau)",0.117741935483871,20.9677419354839,51.7595307917889,NA,"cm",0,"7"
"HYLOSPL","ASSOC Pseumen-Pseuspi-Hylospl (cool aspect)",22.2727272727273,81.8181818181818,"SUBASS Py(Fd)-Pseuspi(Ericnau)",0,0,81.8181818181818,7,"cd",2.04545454545455,"9"
"JUNISCO","ASSOC Pseumen-Pseuspi-Hylospl (cool aspect)",3.03636363636364,77.2727272727273,"SUBASS Py(Fd)-Pseuspi(Ericnau)",0.330645161290323,14.5161290322581,62.7565982404692,NA,"c",2.31818181818182,"1"
"PELTCAN","ASSOC Pseumen-Pseuspi-Hylospl (cool aspect)",3.63636363636364,63.6363636363636,"SUBASS Py(Fd)-Pseuspi(Ericnau)",0.208064516129032,9.67741935483871,53.9589442815249,NA,"c",0.318181818181818,"11"
"PSEUMEN","ASSOC Pseumen-Pseuspi-Hylospl (cool aspect)",37.6,95.4545454545455,"SUBASS Py(Fd)-Pseuspi(Ericnau)",2.16129032258065,40.3225806451613,55.1319648093842,NA,"cd",1.90909090909091,"1"
"PSEUSPI","ASSOC Pseumen-Pseuspi-Hylospl (cool aspect)",12.8181818181818,68.1818181818182,"SUBASS Py(Fd)-Pseuspi(Ericnau)",18.5967741935484,100,31.8181818181818,NA,"cd",1.36363636363636,"6"
"ALLICER","ASSOC Pseumen-Pseuspi-Hylospl (cool aspect)",0.677272727272727,72.7272727272727,"SUBASS Py(Fd)-Pseuspi-Seladen (rocky)",0.25,20,52.7272727272727,NA,"cm",0,"7"
"HYLOSPL","ASSOC Pseumen-Pseuspi-Hylospl (cool aspect)",22.2727272727273,81.8181818181818,"SUBASS Py(Fd)-Pseuspi-Seladen (rocky)",0,0,81.8181818181818,7,"cd",2.04545454545455,"9"
"JUNISCO","ASSOC Pseumen-Pseuspi-Hylospl (cool aspect)",3.03636363636364,77.2727272727273,"SUBASS Py(Fd)-Pseuspi-Seladen (rocky)",0.2,20,57.2727272727273,NA,"c",0.772727272727273,"1"
"PELTCAN","ASSOC Pseumen-Pseuspi-Hylospl (cool aspect)",3.63636363636364,63.6363636363636,"SUBASS Py(Fd)-Pseuspi-Seladen (rocky)",0.07,10,53.6363636363636,NA,"c",0.318181818181818,"11"
"PSEUMEN","ASSOC Pseumen-Pseuspi-Hylospl (cool aspect)",37.6,95.4545454545455,"SUBASS Py(Fd)-Pseuspi-Seladen (rocky)",7.75,70,25.4545454545455,NA,"cd",1.90909090909091,"1"
"PSEUSPI","ASSOC Pseumen-Pseuspi-Hylospl (cool aspect)",12.8181818181818,68.1818181818182,"SUBASS Py(Fd)-Pseuspi-Seladen (rocky)",3.66,90,21.8181818181818,NA,"cd",1.36363636363636,"6"
"ACHIMIL","ASSOC Fd-Festsxi-Pseuspi(Festcam)",0.65,83.3333333333333,"SUBASS FdPy-Calarub(Py)",0.315789473684211,52.6315789473684,30.7017543859649,NA,"cm",0,"7"
"FESTCAM","ASSOC Fd-Festsxi-Pseuspi(Festcam)",23.75,100,"SUBASS FdPy-Calarub(Py)",0.689473684210526,47.3684210526316,52.6315789473684,NA,"cd",2,"6"
"PINUPON","ASSOC Fd-Festsxi-Pseuspi(Festcam)",2.75,61.1111111111111,"SUBASS FdPy-Calarub(Py)",17,84.2105263157895,23.0994152046784,NA,"c",0.611111111111111,"1"
"PSEUMEN","ASSOC Fd-Festsxi-Pseuspi(Festcam)",20.0555555555556,66.6666666666667,"SUBASS FdPy-Calarub(Py)",20,68.4210526315789,1.75438596491229,NA,"cd",1.33333333333333,"1"
"PSEUSPI","ASSOC Fd-Festsxi-Pseuspi(Festcam)",18.2777777777778,88.8888888888889,"SUBASS FdPy-Calarub(Py)",1.61578947368421,57.8947368421053,30.9941520467836,NA,"cd",1.77777777777778,"6"
"TARAOFF","ASSOC Fd-Festsxi-Pseuspi(Festcam)",0.455555555555555,61.1111111111111,"SUBASS FdPy-Calarub(Py)",0.226315789473684,36.8421052631579,24.2690058479532,NA,"cm",0,"7"
"ACHIMIL","ASSOC Fd-Festsxi-Pseuspi(Festcam)",0.65,83.3333333333333,"SUBASS Py-Pseuspi-Festcam(Balssag)",0.538461538461538,79.4871794871795,3.84615384615385,NA,"cm",0,"7"
"FESTCAM","ASSOC Fd-Festsxi-Pseuspi(Festcam)",23.75,100,"SUBASS Py-Pseuspi-Festcam(Balssag)",7.8025641025641,56.4102564102564,43.5897435897436,NA,"cd",2,"6"
"PINUPON","ASSOC Fd-Festsxi-Pseuspi(Festcam)",2.75,61.1111111111111,"SUBASS Py-Pseuspi-Festcam(Balssag)",27.3076923076923,100,38.8888888888889,NA,"c",0.611111111111111,"1"
"PSEUMEN","ASSOC Fd-Festsxi-Pseuspi(Festcam)",20.0555555555556,66.6666666666667,"SUBASS Py-Pseuspi-Festcam(Balssag)",4.06410256410256,35.8974358974359,30.7692307692308,NA,"cd",1.33333333333333,"1"
"PSEUSPI","ASSOC Fd-Festsxi-Pseuspi(Festcam)",18.2777777777778,88.8888888888889,"SUBASS Py-Pseuspi-Festcam(Balssag)",23,100,11.1111111111111,NA,"cd",1.77777777777778,"6"
"TARAOFF","ASSOC Fd-Festsxi-Pseuspi(Festcam)",0.455555555555555,61.1111111111111,"SUBASS Py-Pseuspi-Festcam(Balssag)",0.128205128205128,20.5128205128205,40.5982905982906,NA,"cm",0,"7"
"ACERGLA","ASSOC PlFd-Junicom-Acergla (ESSFs xeric)",5.64666666666667,66.6666666666667,"SUBASS Fd-Pseuspi-Calarub(Junicom)",0.194444444444444,11.1111111111111,55.5555555555555,NA,"c",0.666666666666667,"4"
"ACHIMIL","ASSOC PlFd-Junicom-Acergla (ESSFs xeric)",0.566666666666667,80,"SUBASS Fd-Pseuspi-Calarub(Junicom)",0.580555555555555,69.4444444444444,10.5555555555556,NA,"cm",0,"7"
"ALLICER","ASSOC PlFd-Junicom-Acergla (ESSFs xeric)",0.206666666666667,60,"SUBASS Fd-Pseuspi-Calarub(Junicom)",0.572222222222222,55.5555555555556,4.44444444444444,NA,"cm",0,"7"
"CALARUB","ASSOC PlFd-Junicom-Acergla (ESSFs xeric)",6.12,60,"SUBASS Fd-Pseuspi-Calarub(Junicom)",7.23611111111111,55.5555555555556,4.44444444444444,NA,"c",0.6,"6"
"FRAGVIR","ASSOC PlFd-Junicom-Acergla (ESSFs xeric)",1.04666666666667,80,"SUBASS Fd-Pseuspi-Calarub(Junicom)",0.284444444444444,38.8888888888889,41.1111111111111,NA,"c",0.8,"7"
"JUNICOM","ASSOC PlFd-Junicom-Acergla (ESSFs xeric)",5.56666666666667,80,"SUBASS Fd-Pseuspi-Calarub(Junicom)",3.525,61.1111111111111,18.8888888888889,NA,"c",0.8,"3"
"PINUCON2","ASSOC PlFd-Junicom-Acergla (ESSFs xeric)",6.62,66.6666666666667,"SUBASS Fd-Pseuspi-Calarub(Junicom)",0.186111111111111,8.33333333333333,58.3333333333333,NA,"c",0.666666666666667,"1"
"PSEUMEN","ASSOC PlFd-Junicom-Acergla (ESSFs xeric)",10.9466666666667,66.6666666666667,"SUBASS Fd-Pseuspi-Calarub(Junicom)",18.1166666666667,83.3333333333333,16.6666666666667,NA,"cd",1.33333333333333,"1"
"SHEPCAN","ASSOC PlFd-Junicom-Acergla (ESSFs xeric)",5.65333333333333,93.3333333333333,"SUBASS Fd-Pseuspi-Calarub(Junicom)",0.658333333333333,41.6666666666667,51.6666666666667,NA,"c",0.933333333333333,"4"
"SPIRLUC","ASSOC PlFd-Junicom-Acergla (ESSFs xeric)",0.546666666666667,73.3333333333333,"SUBASS Fd-Pseuspi-Calarub(Junicom)",1.54722222222222,50,23.3333333333333,NA,"cm",0,"4"
"ACERGLA","ASSOC PlFd-Junicom-Acergla (ESSFs xeric)",5.64666666666667,66.6666666666667,"ASSOC Pseumen-Calarub-Pleusch-Hylospl (Mossy cool aspect)",0.525287356321839,14.9425287356322,51.7241379310345,NA,"c",0.666666666666667,"4"
"ACHIMIL","ASSOC PlFd-Junicom-Acergla (ESSFs xeric)",0.566666666666667,80,"ASSOC Pseumen-Calarub-Pleusch-Hylospl (Mossy cool aspect)",0.18735632183908,28.735632183908,51.264367816092,NA,"cm",0,"7"
"ALLICER","ASSOC PlFd-Junicom-Acergla (ESSFs xeric)",0.206666666666667,60,"ASSOC Pseumen-Calarub-Pleusch-Hylospl (Mossy cool aspect)",0.280459770114942,31.0344827586207,28.9655172413793,NA,"cm",0,"7"
"CALARUB","ASSOC PlFd-Junicom-Acergla (ESSFs xeric)",6.12,60,"ASSOC Pseumen-Calarub-Pleusch-Hylospl (Mossy cool aspect)",19.0862068965517,94.2528735632184,34.2528735632184,NA,"c",0.6,"6"
"FRAGVIR","ASSOC PlFd-Junicom-Acergla (ESSFs xeric)",1.04666666666667,80,"ASSOC Pseumen-Calarub-Pleusch-Hylospl (Mossy cool aspect)",0.177011494252874,22.9885057471264,57.0114942528736,NA,"c",0.8,"7"
"JUNICOM","ASSOC PlFd-Junicom-Acergla (ESSFs xeric)",5.56666666666667,80,"ASSOC Pseumen-Calarub-Pleusch-Hylospl (Mossy cool aspect)",0.940229885057471,28.735632183908,51.264367816092,NA,"c",0.8,"3"
"PINUCON2","ASSOC PlFd-Junicom-Acergla (ESSFs xeric)",6.62,66.6666666666667,"ASSOC Pseumen-Calarub-Pleusch-Hylospl (Mossy cool aspect)",2.24942528735632,22.9885057471264,43.6781609195402,NA,"c",0.666666666666667,"1"
"PSEUMEN","ASSOC PlFd-Junicom-Acergla (ESSFs xeric)",10.9466666666667,66.6666666666667,"ASSOC Pseumen-Calarub-Pleusch-Hylospl (Mossy cool aspect)",30.4080574712644,70.1149425287356,3.44827586206898,NA,"cd",1.33333333333333,"1"
"SHEPCAN","ASSOC PlFd-Junicom-Acergla (ESSFs xeric)",5.65333333333333,93.3333333333333,"ASSOC Pseumen-Calarub-Pleusch-Hylospl (Mossy cool aspect)",1.59770114942529,37.9310344827586,55.4022988505747,NA,"c",0.933333333333333,"4"
"SPIRLUC","ASSOC PlFd-Junicom-Acergla (ESSFs xeric)",0.546666666666667,73.3333333333333,"ASSOC Pseumen-Calarub-Pleusch-Hylospl (Mossy cool aspect)",4.10689655172414,68.9655172413793,4.36781609195401,NA,"cm",0,"4"
"ACERGLA","ASSOC PlFd-Junicom-Acergla (ESSFs xeric)",5.64666666666667,66.6666666666667,"SUBASS Fd-Junicom(typic)",0.3,35.7142857142857,30.9523809523809,NA,"c",0.666666666666667,"4"
"ACHIMIL","ASSOC PlFd-Junicom-Acergla (ESSFs xeric)",0.566666666666667,80,"SUBASS Fd-Junicom(typic)",0.208571428571429,71.4285714285714,8.57142857142857,NA,"cm",0,"7"
"ALLICER","ASSOC PlFd-Junicom-Acergla (ESSFs xeric)",0.206666666666667,60,"SUBASS Fd-Junicom(typic)",0.207857142857143,50,10,NA,"cm",0,"7"
"CALARUB","ASSOC PlFd-Junicom-Acergla (ESSFs xeric)",6.12,60,"SUBASS Fd-Junicom(typic)",3.10714285714286,64.2857142857143,4.28571428571429,NA,"c",0.6,"6"
"FRAGVIR","ASSOC PlFd-Junicom-Acergla (ESSFs xeric)",1.04666666666667,80,"SUBASS Fd-Junicom(typic)",0.307142857142857,57.1428571428571,22.8571428571429,NA,"c",0.8,"7"
"JUNICOM","ASSOC PlFd-Junicom-Acergla (ESSFs xeric)",5.56666666666667,80,"SUBASS Fd-Junicom(typic)",5.5,71.4285714285714,8.57142857142857,NA,"c",0.8,"3"
"PINUCON2","ASSOC PlFd-Junicom-Acergla (ESSFs xeric)",6.62,66.6666666666667,"SUBASS Fd-Junicom(typic)",3.57142857142857,28.5714285714286,38.0952380952381,NA,"c",0.666666666666667,"1"
"PSEUMEN","ASSOC PlFd-Junicom-Acergla (ESSFs xeric)",10.9466666666667,66.6666666666667,"SUBASS Fd-Junicom(typic)",14.6857142857143,92.8571428571429,26.1904761904762,NA,"cd",1.33333333333333,"1"
"SHEPCAN","ASSOC PlFd-Junicom-Acergla (ESSFs xeric)",5.65333333333333,93.3333333333333,"SUBASS Fd-Junicom(typic)",0.757142857142857,57.1428571428571,36.1904761904762,NA,"c",0.933333333333333,"4"
"SPIRLUC","ASSOC PlFd-Junicom-Acergla (ESSFs xeric)",0.546666666666667,73.3333333333333,"SUBASS Fd-Junicom(typic)",0.607142857142857,50,23.3333333333333,NA,"cm",0,"4"
"ACERGLA","ASSOC PlFd-Junicom-Acergla (ESSFs xeric)",5.64666666666667,66.6666666666667,"SUBASS Fd-Junicom-Arctuva(typic)",0.2,6.66666666666667,60,NA,"c",0.666666666666667,"4"
"ACHIMIL","ASSOC PlFd-Junicom-Acergla (ESSFs xeric)",0.566666666666667,80,"SUBASS Fd-Junicom-Arctuva(typic)",0.256666666666667,73.3333333333333,6.66666666666667,NA,"cm",0,"7"
"ALLICER","ASSOC PlFd-Junicom-Acergla (ESSFs xeric)",0.206666666666667,60,"SUBASS Fd-Junicom-Arctuva(typic)",0.246666666666667,46.6666666666667,13.3333333333333,NA,"cm",0,"7"
"CALARUB","ASSOC PlFd-Junicom-Acergla (ESSFs xeric)",6.12,60,"SUBASS Fd-Junicom-Arctuva(typic)",3.52333333333333,80,20,NA,"c",0.6,"6"
"FRAGVIR","ASSOC PlFd-Junicom-Acergla (ESSFs xeric)",1.04666666666667,80,"SUBASS Fd-Junicom-Arctuva(typic)",0.263333333333333,50,30,NA,"c",0.8,"7"
"JUNICOM","ASSOC PlFd-Junicom-Acergla (ESSFs xeric)",5.56666666666667,80,"SUBASS Fd-Junicom-Arctuva(typic)",6.88333333333333,70,10,NA,"c",0.8,"3"
"PINUCON2","ASSOC PlFd-Junicom-Acergla (ESSFs xeric)",6.62,66.6666666666667,"SUBASS Fd-Junicom-Arctuva(typic)",2.87,46.6666666666667,20,NA,"c",0.666666666666667,"1"
"PSEUMEN","ASSOC PlFd-Junicom-Acergla (ESSFs xeric)",10.9466666666667,66.6666666666667,"SUBASS Fd-Junicom-Arctuva(typic)",15.9133333333333,83.3333333333333,16.6666666666667,NA,"cd",1.33333333333333,"1"
"SHEPCAN","ASSOC PlFd-Junicom-Acergla (ESSFs xeric)",5.65333333333333,93.3333333333333,"SUBASS Fd-Junicom-Arctuva(typic)",1.20333333333333,36.6666666666667,56.6666666666667,NA,"c",0.933333333333333,"4"
"SPIRLUC","ASSOC PlFd-Junicom-Acergla (ESSFs xeric)",0.546666666666667,73.3333333333333,"SUBASS Fd-Junicom-Arctuva(typic)",1.39333333333333,66.6666666666667,6.66666666666667,NA,"cm",0,"4"
"BERBAQU","SUBASS Fd(Py)-Calarub(typic)",1.27297297297297,62.1621621621622,"SUBASS Fd(Py)-Calarub(Pleusch)",0.73921568627451,52.9411764705882,9.22098569157392,NA,"c",0.621621621621622,"3"
"CALARUB","SUBASS Fd(Py)-Calarub(typic)",33.7702702702703,98.6486486486486,"SUBASS Fd(Py)-Calarub(Pleusch)",27.2352941176471,100,1.35135135135135,NA,"cd",1.97297297297297,"6"
"PINUPON","SUBASS Fd(Py)-Calarub(typic)",7.85810810810811,62.1621621621622,"SUBASS Fd(Py)-Calarub(Pleusch)",4.40980392156863,33.3333333333333,28.8288288288288,NA,"c",0.621621621621622,"1"
"SPIRLUC","SUBASS Fd(Py)-Calarub(typic)",7.18797297297297,87.8378378378378,"SUBASS Fd(Py)-Calarub(Pleusch)",8.43137254901961,76.4705882352941,11.3672496025437,NA,"c",0.878378378378378,"4"
"SYMPALB","SUBASS Fd(Py)-Calarub(typic)",2.57297297297297,66.2162162162162,"SUBASS Fd(Py)-Calarub(Pleusch)",1.25686274509804,56.8627450980392,9.353471118177,NA,"c",0.662162162162162,"4"
"BERBAQU","SUBASS Fd(Py)-Calarub(typic)",1.27297297297297,62.1621621621622,"SUBASS Fd-Pseuspi-Calarub(Junicom)",0.277777777777778,13.8888888888889,48.2732732732733,NA,"c",0.621621621621622,"3"
"CALARUB","SUBASS Fd(Py)-Calarub(typic)",33.7702702702703,98.6486486486486,"SUBASS Fd-Pseuspi-Calarub(Junicom)",7.23611111111111,55.5555555555556,43.0930930930931,NA,"cd",1.97297297297297,"6"
"PINUPON","SUBASS Fd(Py)-Calarub(typic)",7.85810810810811,62.1621621621622,"SUBASS Fd-Pseuspi-Calarub(Junicom)",3.59725,38.8888888888889,23.2732732732733,NA,"c",0.621621621621622,"1"
"SPIRLUC","SUBASS Fd(Py)-Calarub(typic)",7.18797297297297,87.8378378378378,"SUBASS Fd-Pseuspi-Calarub(Junicom)",1.54722222222222,50,37.8378378378378,NA,"c",0.878378378378378,"4"
"SYMPALB","SUBASS Fd(Py)-Calarub(typic)",2.57297297297297,66.2162162162162,"SUBASS Fd-Pseuspi-Calarub(Junicom)",0.905555555555556,47.2222222222222,18.993993993994,NA,"c",0.662162162162162,"4"
"BERBAQU","SUBASS Fd(Py)-Calarub(typic)",1.27297297297297,62.1621621621622,"SUBASS FdPy-Calarub(Pseuspi)(typic)",0.142857142857143,28.5714285714286,33.5907335907336,NA,"c",0.621621621621622,"3"
"CALARUB","SUBASS Fd(Py)-Calarub(typic)",33.7702702702703,98.6486486486486,"SUBASS FdPy-Calarub(Pseuspi)(typic)",25.7857142857143,100,1.35135135135135,NA,"cd",1.97297297297297,"6"
"PINUPON","SUBASS Fd(Py)-Calarub(typic)",7.85810810810811,62.1621621621622,"SUBASS FdPy-Calarub(Pseuspi)(typic)",31.1428571428571,100,37.8378378378378,NA,"c",0.621621621621622,"1"
"SPIRLUC","SUBASS Fd(Py)-Calarub(typic)",7.18797297297297,87.8378378378378,"SUBASS FdPy-Calarub(Pseuspi)(typic)",5,57.1428571428571,30.6949806949807,NA,"c",0.878378378378378,"4"
"SYMPALB","SUBASS Fd(Py)-Calarub(typic)",2.57297297297297,66.2162162162162,"SUBASS FdPy-Calarub(Pseuspi)(typic)",8.08571428571429,100,33.7837837837838,NA,"c",0.662162162162162,"4"
"BERBAQU","SUBASS Fd(Py)-Calarub(typic)",1.27297297297297,62.1621621621622,"ASSOC Pseumen-Calarub-Pleusch-Hylospl (Mossy cool aspect)",0.789655172413793,40.2298850574713,21.9322771046909,NA,"c",0.621621621621622,"3"
"CALARUB","SUBASS Fd(Py)-Calarub(typic)",33.7702702702703,98.6486486486486,"ASSOC Pseumen-Calarub-Pleusch-Hylospl (Mossy cool aspect)",19.0862068965517,94.2528735632184,4.39577508543026,NA,"cd",1.97297297297297,"6"
"PINUPON","SUBASS Fd(Py)-Calarub(typic)",7.85810810810811,62.1621621621622,"ASSOC Pseumen-Calarub-Pleusch-Hylospl (Mossy cool aspect)",0.408045977011494,8.04597701149425,54.1161851506679,NA,"c",0.621621621621622,"1"
"SPIRLUC","SUBASS Fd(Py)-Calarub(typic)",7.18797297297297,87.8378378378378,"ASSOC Pseumen-Calarub-Pleusch-Hylospl (Mossy cool aspect)",4.10689655172414,68.9655172413793,18.8723205964585,NA,"c",0.878378378378378,"4"
"SYMPALB","SUBASS Fd(Py)-Calarub(typic)",2.57297297297297,66.2162162162162,"ASSOC Pseumen-Calarub-Pleusch-Hylospl (Mossy cool aspect)",1.76781609195402,51.7241379310345,14.4920782851817,NA,"c",0.662162162162162,"4"
"BERBAQU","SUBASS Fd(Py)-Calarub(typic)",1.27297297297297,62.1621621621622,"%ASSOC BlFd - Acergla (ESSFs xeric)",0.95,66.6666666666667,4.5045045045045,NA,"c",0.621621621621622,"3"
"CALARUB","SUBASS Fd(Py)-Calarub(typic)",33.7702702702703,98.6486486486486,"%ASSOC BlFd - Acergla (ESSFs xeric)",3.35,33.3333333333333,65.3153153153153,NA,"cd",3.94594594594595,"6"
"PINUPON","SUBASS Fd(Py)-Calarub(typic)",7.85810810810811,62.1621621621622,"%ASSOC BlFd - Acergla (ESSFs xeric)",0,0,62.1621621621622,NA,"c",1.86486486486486,"1"
"SPIRLUC","SUBASS Fd(Py)-Calarub(typic)",7.18797297297297,87.8378378378378,"%ASSOC BlFd - Acergla (ESSFs xeric)",0.783333333333333,66.6666666666667,21.1711711711712,NA,"c",0.878378378378378,"4"
"SYMPALB","SUBASS Fd(Py)-Calarub(typic)",2.57297297297297,66.2162162162162,"%ASSOC BlFd - Acergla (ESSFs xeric)",0.95,50,16.2162162162162,NA,"c",0.662162162162162,"4"
"BERBAQU","SUBASS Fd(Py)-Calarub(typic)",1.27297297297297,62.1621621621622,"%ASSOC Pseumen-Acergla-Amelaln",2.3125,75,12.8378378378378,NA,"c",0.621621621621622,"3"
"CALARUB","SUBASS Fd(Py)-Calarub(typic)",33.7702702702703,98.6486486486486,"%ASSOC Pseumen-Acergla-Amelaln",4.8125,50,48.6486486486486,NA,"cd",1.97297297297297,"6"
"PINUPON","SUBASS Fd(Py)-Calarub(typic)",7.85810810810811,62.1621621621622,"%ASSOC Pseumen-Acergla-Amelaln",3.375,50,12.1621621621622,NA,"c",0.621621621621622,"1"
"SPIRLUC","SUBASS Fd(Py)-Calarub(typic)",7.18797297297297,87.8378378378378,"%ASSOC Pseumen-Acergla-Amelaln",3.5,62.5,25.3378378378378,NA,"c",0.878378378378378,"4"
"SYMPALB","SUBASS Fd(Py)-Calarub(typic)",2.57297297297297,66.2162162162162,"%ASSOC Pseumen-Acergla-Amelaln",5.125,75,8.78378378378379,NA,"c",0.662162162162162,"4"
"BERBAQU","SUBASS Fd(Py)-Calarub(typic)",1.27297297297297,62.1621621621622,"%ASSOC Pseumen-Acergla-Pensfru",0.25,50,12.1621621621622,NA,"c",0.621621621621622,"3"
"CALARUB","SUBASS Fd(Py)-Calarub(typic)",33.7702702702703,98.6486486486486,"%ASSOC Pseumen-Acergla-Pensfru",1.25,50,48.6486486486486,NA,"cd",1.97297297297297,"6"
"PINUPON","SUBASS Fd(Py)-Calarub(typic)",7.85810810810811,62.1621621621622,"%ASSOC Pseumen-Acergla-Pensfru",1.25,50,12.1621621621622,NA,"c",0.621621621621622,"1"
"SPIRLUC","SUBASS Fd(Py)-Calarub(typic)",7.18797297297297,87.8378378378378,"%ASSOC Pseumen-Acergla-Pensfru",10,50,37.8378378378378,NA,"c",0.878378378378378,"4"
"SYMPALB","SUBASS Fd(Py)-Calarub(typic)",2.57297297297297,66.2162162162162,"%ASSOC Pseumen-Acergla-Pensfru",0.625,50,16.2162162162162,NA,"c",0.662162162162162,"4"
"BERBAQU","SUBASS Fd(Py)-Calarub(typic)",1.27297297297297,62.1621621621622,"ASSOC Pseumen-Spirbet-Hylospl (IDFdc)",2.76896551724138,34.4827586206897,27.6794035414725,NA,"c",0.621621621621622,"3"
"CALARUB","SUBASS Fd(Py)-Calarub(typic)",33.7702702702703,98.6486486486486,"ASSOC Pseumen-Spirbet-Hylospl (IDFdc)",0.644827586206897,27.5862068965517,71.0624417520969,6,"cd",3.94594594594595,"6"
"PINUPON","SUBASS Fd(Py)-Calarub(typic)",7.85810810810811,62.1621621621622,"ASSOC Pseumen-Spirbet-Hylospl (IDFdc)",0.172413793103448,3.44827586206897,58.7138863000932,NA,"c",0.621621621621622,"1"
"SPIRLUC","SUBASS Fd(Py)-Calarub(typic)",7.18797297297297,87.8378378378378,"ASSOC Pseumen-Spirbet-Hylospl (IDFdc)",7.98275862068965,89.6551724137931,1.81733457595527,NA,"c",0.878378378378378,"4"
"SYMPALB","SUBASS Fd(Py)-Calarub(typic)",2.57297297297297,66.2162162162162,"ASSOC Pseumen-Spirbet-Hylospl (IDFdc)",1.62068965517241,20.6896551724138,45.5265610438024,NA,"c",0.662162162162162,"4"
"BERBAQU","SUBASS Fd(Py)-Calarub(typic)",1.27297297297297,62.1621621621622,"%ASSOC Pseumen(Pinucon)-Paximyr-Calarub",0.0728571428571429,28.5714285714286,33.5907335907336,NA,"c",0.621621621621622,"3"
"CALARUB","SUBASS Fd(Py)-Calarub(typic)",33.7702702702703,98.6486486486486,"%ASSOC Pseumen(Pinucon)-Paximyr-Calarub",7.42857142857143,71.4285714285714,27.2200772200772,NA,"cd",1.97297297297297,"6"
"PINUPON","SUBASS Fd(Py)-Calarub(typic)",7.85810810810811,62.1621621621622,"%ASSOC Pseumen(Pinucon)-Paximyr-Calarub",0,0,62.1621621621622,NA,"c",1.86486486486486,"1"
"SPIRLUC","SUBASS Fd(Py)-Calarub(typic)",7.18797297297297,87.8378378378378,"%ASSOC Pseumen(Pinucon)-Paximyr-Calarub",1.64285714285714,57.1428571428571,30.6949806949807,NA,"c",0.878378378378378,"4"
"SYMPALB","SUBASS Fd(Py)-Calarub(typic)",2.57297297297297,66.2162162162162,"%ASSOC Pseumen(Pinucon)-Paximyr-Calarub",3.35857142857143,57.1428571428571,9.07335907335907,NA,"c",0.662162162162162,"4"
"BERBAQU","SUBASS Fd(Py)-Calarub(typic)",1.27297297297297,62.1621621621622,"SUBASS FdPl-Calarub-Pleusch (typic)",0.085,12.5,49.6621621621622,NA,"c",0.621621621621622,"3"
"CALARUB","SUBASS Fd(Py)-Calarub(typic)",33.7702702702703,98.6486486486486,"SUBASS FdPl-Calarub-Pleusch (typic)",39.275,100,1.35135135135135,NA,"cd",1.97297297297297,"6"
"PINUPON","SUBASS Fd(Py)-Calarub(typic)",7.85810810810811,62.1621621621622,"SUBASS FdPl-Calarub-Pleusch (typic)",0.07125,2.5,59.6621621621622,NA,"c",0.621621621621622,"1"
"SPIRLUC","SUBASS Fd(Py)-Calarub(typic)",7.18797297297297,87.8378378378378,"SUBASS FdPl-Calarub-Pleusch (typic)",1.93,51.25,36.5878378378378,NA,"c",0.878378378378378,"4"
"SYMPALB","SUBASS Fd(Py)-Calarub(typic)",2.57297297297297,66.2162162162162,"SUBASS FdPl-Calarub-Pleusch (typic)",0.14125,20,46.2162162162162,NA,"c",0.662162162162162,"4"
"BERBAQU","SUBASS Fd(Py)-Calarub(typic)",1.27297297297297,62.1621621621622,"ASSOC Pseumen(Pinucon)-Calarub-Arctuva",0.611111111111111,40,22.1621621621622,NA,"c",0.621621621621622,"3"
"CALARUB","SUBASS Fd(Py)-Calarub(typic)",33.7702702702703,98.6486486486486,"ASSOC Pseumen(Pinucon)-Calarub-Arctuva",34.0111111111111,98.8888888888889,0.24024024024024,NA,"cd",1.97297297297297,"6"
"PINUPON","SUBASS Fd(Py)-Calarub(typic)",7.85810810810811,62.1621621621622,"ASSOC Pseumen(Pinucon)-Calarub-Arctuva",2.13555555555556,18.8888888888889,43.2732732732733,NA,"c",0.621621621621622,"1"
"SPIRLUC","SUBASS Fd(Py)-Calarub(typic)",7.18797297297297,87.8378378378378,"ASSOC Pseumen(Pinucon)-Calarub-Arctuva",4.84777777777778,76.6666666666667,11.1711711711712,NA,"c",0.878378378378378,"4"
"SYMPALB","SUBASS Fd(Py)-Calarub(typic)",2.57297297297297,66.2162162162162,"ASSOC Pseumen(Pinucon)-Calarub-Arctuva",1.25222222222222,24.4444444444444,41.7717717717718,NA,"c",0.662162162162162,"4"
"BERBAQU","SUBASS Fd(Py)-Calarub(typic)",1.27297297297297,62.1621621621622,"SUBASS FdLw-Calarub-Arctuva(typic)",0.834883720930233,48.8372093023256,13.3249528598366,NA,"c",0.621621621621622,"3"
"CALARUB","SUBASS Fd(Py)-Calarub(typic)",33.7702702702703,98.6486486486486,"SUBASS FdLw-Calarub-Arctuva(typic)",30.1139534883721,97.6744186046512,0.974230043997494,NA,"cd",1.97297297297297,"6"
"PINUPON","SUBASS Fd(Py)-Calarub(typic)",7.85810810810811,62.1621621621622,"SUBASS FdLw-Calarub-Arctuva(typic)",4.43023255813953,44.1860465116279,17.9761156505343,NA,"c",0.621621621621622,"1"
"SPIRLUC","SUBASS Fd(Py)-Calarub(typic)",7.18797297297297,87.8378378378378,"SUBASS FdLw-Calarub-Arctuva(typic)",4.41162790697674,69.7674418604651,18.0703959773727,NA,"c",0.878378378378378,"4"
"SYMPALB","SUBASS Fd(Py)-Calarub(typic)",2.57297297297297,66.2162162162162,"SUBASS FdLw-Calarub-Arctuva(typic)",1.30232558139535,37.2093023255814,29.0069138906348,NA,"c",0.662162162162162,"4"
"BERBAQU","SUBASS Fd(Py)-Calarub(typic)",1.27297297297297,62.1621621621622,"SUBASS Fd-Junicom(typic)",0.721428571428571,28.5714285714286,33.5907335907336,NA,"c",0.621621621621622,"3"
"CALARUB","SUBASS Fd(Py)-Calarub(typic)",33.7702702702703,98.6486486486486,"SUBASS Fd-Junicom(typic)",3.10714285714286,64.2857142857143,34.3629343629344,NA,"cd",1.97297297297297,"6"
"PINUPON","SUBASS Fd(Py)-Calarub(typic)",7.85810810810811,62.1621621621622,"SUBASS Fd-Junicom(typic)",1.39285714285714,14.2857142857143,47.8764478764479,NA,"c",0.621621621621622,"1"
"SPIRLUC","SUBASS Fd(Py)-Calarub(typic)",7.18797297297297,87.8378378378378,"SUBASS Fd-Junicom(typic)",0.607142857142857,50,37.8378378378378,NA,"c",0.878378378378378,"4"
"SYMPALB","SUBASS Fd(Py)-Calarub(typic)",2.57297297297297,66.2162162162162,"SUBASS Fd-Junicom(typic)",2.57142857142857,64.2857142857143,1.93050193050192,NA,"c",0.662162162162162,"4"
"BERBAQU","SUBASS Fd(Py)-Calarub(typic)",1.27297297297297,62.1621621621622,"SUBASS Fd-Junicom(Acergla)",0.2875,31.25,30.9121621621622,NA,"c",0.621621621621622,"3"
"CALARUB","SUBASS Fd(Py)-Calarub(typic)",33.7702702702703,98.6486486486486,"SUBASS Fd-Junicom(Acergla)",2.40625,56.25,42.3986486486486,NA,"cd",1.97297297297297,"6"
"PINUPON","SUBASS Fd(Py)-Calarub(typic)",7.85810810810811,62.1621621621622,"SUBASS Fd-Junicom(Acergla)",0.3125,6.25,55.9121621621622,NA,"c",0.621621621621622,"1"
"SPIRLUC","SUBASS Fd(Py)-Calarub(typic)",7.18797297297297,87.8378378378378,"SUBASS Fd-Junicom(Acergla)",0.6875,31.25,56.5878378378378,NA,"c",0.878378378378378,"4"
"SYMPALB","SUBASS Fd(Py)-Calarub(typic)",2.57297297297297,66.2162162162162,"SUBASS Fd-Junicom(Acergla)",2.38125,37.5,28.7162162162162,NA,"c",0.662162162162162,"4"
"BERBAQU","SUBASS Fd(Py)-Calarub(typic)",1.27297297297297,62.1621621621622,"SUBASS Fd-Junicom-Arctuva(typic)",0.0166666666666667,3.33333333333333,58.8288288288288,NA,"c",0.621621621621622,"3"
"CALARUB","SUBASS Fd(Py)-Calarub(typic)",33.7702702702703,98.6486486486486,"SUBASS Fd-Junicom-Arctuva(typic)",3.52333333333333,80,18.6486486486486,NA,"cd",1.97297297297297,"6"
"PINUPON","SUBASS Fd(Py)-Calarub(typic)",7.85810810810811,62.1621621621622,"SUBASS Fd-Junicom-Arctuva(typic)",1.16666666666667,16.6666666666667,45.4954954954955,NA,"c",0.621621621621622,"1"
"SPIRLUC","SUBASS Fd(Py)-Calarub(typic)",7.18797297297297,87.8378378378378,"SUBASS Fd-Junicom-Arctuva(typic)",1.39333333333333,66.6666666666667,21.1711711711712,NA,"c",0.878378378378378,"4"
"SYMPALB","SUBASS Fd(Py)-Calarub(typic)",2.57297297297297,66.2162162162162,"SUBASS Fd-Junicom-Arctuva(typic)",0,0,66.2162162162162,NA,"c",1.98648648648649,"4"
"BERBAQU","SUBASS Fd(Py)-Calarub(typic)",1.27297297297297,62.1621621621622,"SUBASS FdPl-Junicom-Arctuva(Calarub)",0.144444444444444,18.5185185185185,43.6436436436436,NA,"c",0.621621621621622,"3"
"CALARUB","SUBASS Fd(Py)-Calarub(typic)",33.7702702702703,98.6486486486486,"SUBASS FdPl-Junicom-Arctuva(Calarub)",6.31111111111111,96.2962962962963,2.35235235235236,NA,"cd",1.97297297297297,"6"
"PINUPON","SUBASS Fd(Py)-Calarub(typic)",7.85810810810811,62.1621621621622,"SUBASS FdPl-Junicom-Arctuva(Calarub)",0.314814814814815,7.40740740740741,54.7547547547548,NA,"c",0.621621621621622,"1"
"SPIRLUC","SUBASS Fd(Py)-Calarub(typic)",7.18797297297297,87.8378378378378,"SUBASS FdPl-Junicom-Arctuva(Calarub)",2.32592592592593,77.7777777777778,10.0600600600601,NA,"c",0.878378378378378,"4"
"SYMPALB","SUBASS Fd(Py)-Calarub(typic)",2.57297297297297,66.2162162162162,"SUBASS FdPl-Junicom-Arctuva(Calarub)",0.0481481481481481,11.1111111111111,55.1051051051051,NA,"c",0.662162162162162,"4"
"BERBAQU","SUBASS Fd(Py)-Calarub(typic)",1.27297297297297,62.1621621621622,"SUBASS FdPl-Junicom-Arctuva (typic)",0.593023255813954,30.2325581395349,31.9296040226273,NA,"c",0.621621621621622,"3"
"CALARUB","SUBASS Fd(Py)-Calarub(typic)",33.7702702702703,98.6486486486486,"SUBASS FdPl-Junicom-Arctuva (typic)",11.7348837209302,74.4186046511628,24.2300439974859,NA,"cd",1.97297297297297,"6"
"PINUPON","SUBASS Fd(Py)-Calarub(typic)",7.85810810810811,62.1621621621622,"SUBASS FdPl-Junicom-Arctuva (typic)",0.0930232558139535,6.97674418604651,55.1854179761157,NA,"c",0.621621621621622,"1"
"SPIRLUC","SUBASS Fd(Py)-Calarub(typic)",7.18797297297297,87.8378378378378,"SUBASS FdPl-Junicom-Arctuva (typic)",3.33488372093023,69.7674418604651,18.0703959773727,NA,"c",0.878378378378378,"4"
"SYMPALB","SUBASS Fd(Py)-Calarub(typic)",2.57297297297297,66.2162162162162,"SUBASS FdPl-Junicom-Arctuva (typic)",1.37906976744186,30.2325581395349,35.9836580766813,NA,"c",0.662162162162162,"4"
"BERBAQU","SUBASS Fd(Py)-Calarub(typic)",1.27297297297297,62.1621621621622,"SUBASS Py(Fd)-Pseuspi-Seladen (rocky)",0.27,60,2.16216216216216,NA,"c",0.621621621621622,"3"
"CALARUB","SUBASS Fd(Py)-Calarub(typic)",33.7702702702703,98.6486486486486,"SUBASS Py(Fd)-Pseuspi-Seladen (rocky)",1.6,20,78.6486486486486,NA,"cd",3.94594594594595,"6"
"PINUPON","SUBASS Fd(Py)-Calarub(typic)",7.85810810810811,62.1621621621622,"SUBASS Py(Fd)-Pseuspi-Seladen (rocky)",9.82,90,27.8378378378378,NA,"c",0.621621621621622,"1"
"SPIRLUC","SUBASS Fd(Py)-Calarub(typic)",7.18797297297297,87.8378378378378,"SUBASS Py(Fd)-Pseuspi-Seladen (rocky)",1.6,70,17.8378378378378,NA,"c",0.878378378378378,"4"
"SYMPALB","SUBASS Fd(Py)-Calarub(typic)",2.57297297297297,66.2162162162162,"SUBASS Py(Fd)-Pseuspi-Seladen (rocky)",0.79,50,16.2162162162162,NA,"c",0.662162162162162,"4"
"AMELALN","SUBASS FdPy-Calarub(Py)",2.23684210526316,84.2105263157895,"SUBASS Fd-Pseuspi-Calarub(Junicom)",2.20555555555556,58.3333333333333,25.8771929824561,NA,"c",0.842105263157895,"4"
"CALARUB","SUBASS FdPy-Calarub(Py)",30.6842105263158,100,"SUBASS Fd-Pseuspi-Calarub(Junicom)",7.23611111111111,55.5555555555556,44.4444444444444,NA,"cd",2,"6"
"PINUPON","SUBASS FdPy-Calarub(Py)",17,84.2105263157895,"SUBASS Fd-Pseuspi-Calarub(Junicom)",3.59725,38.8888888888889,45.3216374269006,NA,"cd",1.68421052631579,"1"
"PSEUMEN","SUBASS FdPy-Calarub(Py)",20,68.4210526315789,"SUBASS Fd-Pseuspi-Calarub(Junicom)",18.1166666666667,83.3333333333333,14.9122807017544,NA,"cd",1.36842105263158,"1"
"SPIRLUC","SUBASS FdPy-Calarub(Py)",4.14736842105263,68.4210526315789,"SUBASS Fd-Pseuspi-Calarub(Junicom)",1.54722222222222,50,18.4210526315789,NA,"c",0.684210526315789,"4"
"AMELALN","SUBASS FdPy-Calarub(Py)",2.23684210526316,84.2105263157895,"%ASSOC Pseumen-Acergla-Pensfru",1.375,75,9.21052631578947,NA,"c",0.842105263157895,"4"
"CALARUB","SUBASS FdPy-Calarub(Py)",30.6842105263158,100,"%ASSOC Pseumen-Acergla-Pensfru",1.25,50,50,NA,"cd",2,"6"
"PINUPON","SUBASS FdPy-Calarub(Py)",17,84.2105263157895,"%ASSOC Pseumen-Acergla-Pensfru",1.25,50,34.2105263157895,NA,"cd",1.68421052631579,"1"
"PSEUMEN","SUBASS FdPy-Calarub(Py)",20,68.4210526315789,"%ASSOC Pseumen-Acergla-Pensfru",3.75,25,43.4210526315789,NA,"cd",1.36842105263158,"1"
"SPIRLUC","SUBASS FdPy-Calarub(Py)",4.14736842105263,68.4210526315789,"%ASSOC Pseumen-Acergla-Pensfru",10,50,18.4210526315789,NA,"c",0.684210526315789,"4"
"ACHIMIL","SUBASS Fd(Py)-Calarub(Pleusch)",0.531372549019608,62.7450980392157,"SUBASS Fd-Pseuspi-Calarub(Junicom)",0.580555555555555,69.4444444444444,6.69934640522876,NA,"cm",0,"7"
"AMELALN","SUBASS Fd(Py)-Calarub(Pleusch)",1.96274509803922,70.5882352941177,"SUBASS Fd-Pseuspi-Calarub(Junicom)",2.20555555555556,58.3333333333333,12.2549019607843,NA,"c",0.705882352941177,"4"
"CALARUB","SUBASS Fd(Py)-Calarub(Pleusch)",27.2352941176471,100,"SUBASS Fd-Pseuspi-Calarub(Junicom)",7.23611111111111,55.5555555555556,44.4444444444444,NA,"cd",2,"6"
"EURYCON","SUBASS Fd(Py)-Calarub(Pleusch)",2.20196078431373,64.7058823529412,"SUBASS Fd-Pseuspi-Calarub(Junicom)",0.377777777777778,33.3333333333333,31.3725490196078,NA,"c",0.647058823529412,"7"
"GOODOBL","SUBASS Fd(Py)-Calarub(Pleusch)",0.505882352941176,72.5490196078431,"SUBASS Fd-Pseuspi-Calarub(Junicom)",0.0138888888888889,2.77777777777778,69.7712418300654,NA,"cm",1.45098039215686,"7"
"PLEUSCH","SUBASS Fd(Py)-Calarub(Pleusch)",3.35686274509804,64.7058823529412,"SUBASS Fd-Pseuspi-Calarub(Junicom)",0.0416666666666667,5.55555555555556,59.1503267973856,NA,"c",0.323529411764706,"9"
"PSEUMEN","SUBASS Fd(Py)-Calarub(Pleusch)",27.756862745098,62.7450980392157,"SUBASS Fd-Pseuspi-Calarub(Junicom)",18.1166666666667,83.3333333333333,20.5882352941177,NA,"cd",1.25490196078431,"1"
"SPIRLUC","SUBASS Fd(Py)-Calarub(Pleusch)",8.43137254901961,76.4705882352941,"SUBASS Fd-Pseuspi-Calarub(Junicom)",1.54722222222222,50,26.4705882352941,NA,"c",0.764705882352941,"4"
"ACHIMIL","SUBASS Fd(Py)-Calarub(Pleusch)",0.531372549019608,62.7450980392157,"%ASSOC Pseumen-Acergla-Pensfru",0.125,25,37.7450980392157,NA,"cm",0,"7"
"AMELALN","SUBASS Fd(Py)-Calarub(Pleusch)",1.96274509803922,70.5882352941177,"%ASSOC Pseumen-Acergla-Pensfru",1.375,75,4.41176470588235,NA,"c",0.705882352941177,"4"
"CALARUB","SUBASS Fd(Py)-Calarub(Pleusch)",27.2352941176471,100,"%ASSOC Pseumen-Acergla-Pensfru",1.25,50,50,NA,"cd",2,"6"
"EURYCON","SUBASS Fd(Py)-Calarub(Pleusch)",2.20196078431373,64.7058823529412,"%ASSOC Pseumen-Acergla-Pensfru",0.75,25,39.7058823529412,NA,"c",0.647058823529412,"7"
"GOODOBL","SUBASS Fd(Py)-Calarub(Pleusch)",0.505882352941176,72.5490196078431,"%ASSOC Pseumen-Acergla-Pensfru",0.025,25,47.5490196078431,NA,"cm",0,"7"
"PLEUSCH","SUBASS Fd(Py)-Calarub(Pleusch)",3.35686274509804,64.7058823529412,"%ASSOC Pseumen-Acergla-Pensfru",0,0,64.7058823529412,NA,"c",0.970588235294118,"9"
"PSEUMEN","SUBASS Fd(Py)-Calarub(Pleusch)",27.756862745098,62.7450980392157,"%ASSOC Pseumen-Acergla-Pensfru",3.75,25,37.7450980392157,NA,"cd",1.25490196078431,"1"
"SPIRLUC","SUBASS Fd(Py)-Calarub(Pleusch)",8.43137254901961,76.4705882352941,"%ASSOC Pseumen-Acergla-Pensfru",10,50,26.4705882352941,NA,"c",0.764705882352941,"4"
"ACHIMIL","SUBASS Fd(Py)-Calarub(Pleusch)",0.531372549019608,62.7450980392157,"%ASSOC Pseumen(Pinucon)-Paximyr-Calarub",0.358571428571429,57.1428571428571,5.60224089635854,NA,"cm",0,"7"
"AMELALN","SUBASS Fd(Py)-Calarub(Pleusch)",1.96274509803922,70.5882352941177,"%ASSOC Pseumen(Pinucon)-Paximyr-Calarub",1.28714285714286,100,29.4117647058823,NA,"c",0.705882352941177,"4"
"CALARUB","SUBASS Fd(Py)-Calarub(Pleusch)",27.2352941176471,100,"%ASSOC Pseumen(Pinucon)-Paximyr-Calarub",7.42857142857143,71.4285714285714,28.5714285714286,NA,"cd",2,"6"
"EURYCON","SUBASS Fd(Py)-Calarub(Pleusch)",2.20196078431373,64.7058823529412,"%ASSOC Pseumen(Pinucon)-Paximyr-Calarub",0.0728571428571429,28.5714285714286,36.1344537815126,NA,"c",0.647058823529412,"7"
"GOODOBL","SUBASS Fd(Py)-Calarub(Pleusch)",0.505882352941176,72.5490196078431,"%ASSOC Pseumen(Pinucon)-Paximyr-Calarub",0.572857142857143,42.8571428571429,29.6918767507003,NA,"cm",0,"7"
"PLEUSCH","SUBASS Fd(Py)-Calarub(Pleusch)",3.35686274509804,64.7058823529412,"%ASSOC Pseumen(Pinucon)-Paximyr-Calarub",13.1428571428571,42.8571428571429,21.8487394957983,NA,"c",0.323529411764706,"9"
"PSEUMEN","SUBASS Fd(Py)-Calarub(Pleusch)",27.756862745098,62.7450980392157,"%ASSOC Pseumen(Pinucon)-Paximyr-Calarub",20.3428571428571,100,37.2549019607843,NA,"cd",1.25490196078431,"1"
"SPIRLUC","SUBASS Fd(Py)-Calarub(Pleusch)",8.43137254901961,76.4705882352941,"%ASSOC Pseumen(Pinucon)-Paximyr-Calarub",1.64285714285714,57.1428571428571,19.327731092437,NA,"c",0.764705882352941,"4"
"ACHIMIL","SUBASS Fd(Py)-Calarub(Pleusch)",0.531372549019608,62.7450980392157,"SUBASS FdPl-Calarub-Pleusch (typic)",0.23875,31.25,31.4950980392157,NA,"cm",0,"7"
"AMELALN","SUBASS Fd(Py)-Calarub(Pleusch)",1.96274509803922,70.5882352941177,"SUBASS FdPl-Calarub-Pleusch (typic)",0.26,23.75,46.8382352941177,NA,"c",0.705882352941177,"4"
"CALARUB","SUBASS Fd(Py)-Calarub(Pleusch)",27.2352941176471,100,"SUBASS FdPl-Calarub-Pleusch (typic)",39.275,100,0,NA,"cd",2,"6"
"EURYCON","SUBASS Fd(Py)-Calarub(Pleusch)",2.20196078431373,64.7058823529412,"SUBASS FdPl-Calarub-Pleusch (typic)",2.48625,60,4.70588235294117,NA,"c",0.647058823529412,"7"
"GOODOBL","SUBASS Fd(Py)-Calarub(Pleusch)",0.505882352941176,72.5490196078431,"SUBASS FdPl-Calarub-Pleusch (typic)",0.57875,56.25,16.2990196078431,NA,"cm",0,"7"
"PLEUSCH","SUBASS Fd(Py)-Calarub(Pleusch)",3.35686274509804,64.7058823529412,"SUBASS FdPl-Calarub-Pleusch (typic)",20.23375,92.5,27.7941176470588,NA,"c",0.323529411764706,"9"
"PSEUMEN","SUBASS Fd(Py)-Calarub(Pleusch)",27.756862745098,62.7450980392157,"SUBASS FdPl-Calarub-Pleusch (typic)",13.1025,40,22.7450980392157,NA,"cd",1.25490196078431,"1"
"SPIRLUC","SUBASS Fd(Py)-Calarub(Pleusch)",8.43137254901961,76.4705882352941,"SUBASS FdPl-Calarub-Pleusch (typic)",1.93,51.25,25.2205882352941,NA,"c",0.764705882352941,"4"
"ACHIMIL","SUBASS Fd(Py)-Calarub(Pleusch)",0.531372549019608,62.7450980392157,"SUBASS Fd-Junicom(Acergla)",0.2190625,43.75,18.9950980392157,NA,"cm",0,"7"
"AMELALN","SUBASS Fd(Py)-Calarub(Pleusch)",1.96274509803922,70.5882352941177,"SUBASS Fd-Junicom(Acergla)",1.28125,68.75,1.83823529411765,NA,"c",0.705882352941177,"4"
"CALARUB","SUBASS Fd(Py)-Calarub(Pleusch)",27.2352941176471,100,"SUBASS Fd-Junicom(Acergla)",2.40625,56.25,43.75,NA,"cd",2,"6"
"EURYCON","SUBASS Fd(Py)-Calarub(Pleusch)",2.20196078431373,64.7058823529412,"SUBASS Fd-Junicom(Acergla)",0.34375,12.5,52.2058823529412,NA,"c",0.647058823529412,"7"
"GOODOBL","SUBASS Fd(Py)-Calarub(Pleusch)",0.505882352941176,72.5490196078431,"SUBASS Fd-Junicom(Acergla)",0,0,72.5490196078431,NA,"cm",1.45098039215686,"7"
"PLEUSCH","SUBASS Fd(Py)-Calarub(Pleusch)",3.35686274509804,64.7058823529412,"SUBASS Fd-Junicom(Acergla)",0.03125,6.25,58.4558823529412,NA,"c",0.323529411764706,"9"
"PSEUMEN","SUBASS Fd(Py)-Calarub(Pleusch)",27.756862745098,62.7450980392157,"SUBASS Fd-Junicom(Acergla)",20.425,93.75,31.0049019607843,NA,"cd",1.25490196078431,"1"
"SPIRLUC","SUBASS Fd(Py)-Calarub(Pleusch)",8.43137254901961,76.4705882352941,"SUBASS Fd-Junicom(Acergla)",0.6875,31.25,45.2205882352941,NA,"c",0.764705882352941,"4"
"ACHIMIL","SUBASS Fd(Py)-Calarub(Pleusch)",0.531372549019608,62.7450980392157,"SUBASS Fd-Junicom-Arctuva(typic)",0.256666666666667,73.3333333333333,10.5882352941176,NA,"cm",0,"7"
"AMELALN","SUBASS Fd(Py)-Calarub(Pleusch)",1.96274509803922,70.5882352941177,"SUBASS Fd-Junicom-Arctuva(typic)",0.786666666666667,43.3333333333333,27.2549019607843,NA,"c",0.705882352941177,"4"
"CALARUB","SUBASS Fd(Py)-Calarub(Pleusch)",27.2352941176471,100,"SUBASS Fd-Junicom-Arctuva(typic)",3.52333333333333,80,20,NA,"cd",2,"6"
"EURYCON","SUBASS Fd(Py)-Calarub(Pleusch)",2.20196078431373,64.7058823529412,"SUBASS Fd-Junicom-Arctuva(typic)",0.47,26.6666666666667,38.0392156862745,NA,"c",0.647058823529412,"7"
"GOODOBL","SUBASS Fd(Py)-Calarub(Pleusch)",0.505882352941176,72.5490196078431,"SUBASS Fd-Junicom-Arctuva(typic)",0.0633333333333333,23.3333333333333,49.2156862745098,NA,"cm",0,"7"
"PLEUSCH","SUBASS Fd(Py)-Calarub(Pleusch)",3.35686274509804,64.7058823529412,"SUBASS Fd-Junicom-Arctuva(typic)",0.306666666666667,30,34.7058823529412,NA,"c",0.323529411764706,"9"
"PSEUMEN","SUBASS Fd(Py)-Calarub(Pleusch)",27.756862745098,62.7450980392157,"SUBASS Fd-Junicom-Arctuva(typic)",15.9133333333333,83.3333333333333,20.5882352941177,NA,"cd",1.25490196078431,"1"
"SPIRLUC","SUBASS Fd(Py)-Calarub(Pleusch)",8.43137254901961,76.4705882352941,"SUBASS Fd-Junicom-Arctuva(typic)",1.39333333333333,66.6666666666667,9.80392156862746,NA,"c",0.764705882352941,"4"
"ACHIMIL","SUBASS Fd-Pseuspi-Calarub(Junicom)",0.580555555555555,69.4444444444444,"SUBASS FdPy-Calarub(Pseuspi)(Arctuva)",0.263636363636364,90.9090909090909,21.4646464646465,NA,"cm",0,"7"
"JUNICOM","SUBASS Fd-Pseuspi-Calarub(Junicom)",3.525,61.1111111111111,"SUBASS FdPy-Calarub(Pseuspi)(Arctuva)",1.22727272727273,36.3636363636364,24.7474747474747,NA,"c",0.611111111111111,"3"
"PSEUMEN","SUBASS Fd-Pseuspi-Calarub(Junicom)",18.1166666666667,83.3333333333333,"SUBASS FdPy-Calarub(Pseuspi)(Arctuva)",21.6181818181818,100,16.6666666666667,NA,"cd",1.66666666666667,"1"
"PSEUSPI","SUBASS Fd-Pseuspi-Calarub(Junicom)",11.8361111111111,94.4444444444444,"SUBASS FdPy-Calarub(Pseuspi)(Arctuva)",3.13636363636364,54.5454545454545,39.8989898989899,NA,"cd",1.88888888888889,"6"
"ACHIMIL","SUBASS Fd-Pseuspi-Calarub(Junicom)",0.580555555555555,69.4444444444444,"ASSOC Pseumen-Calarub-Pleusch-Hylospl (Mossy cool aspect)",0.18735632183908,28.735632183908,40.7088122605364,NA,"cm",0,"7"
"JUNICOM","SUBASS Fd-Pseuspi-Calarub(Junicom)",3.525,61.1111111111111,"ASSOC Pseumen-Calarub-Pleusch-Hylospl (Mossy cool aspect)",0.940229885057471,28.735632183908,32.3754789272031,NA,"c",0.611111111111111,"3"
"PSEUMEN","SUBASS Fd-Pseuspi-Calarub(Junicom)",18.1166666666667,83.3333333333333,"ASSOC Pseumen-Calarub-Pleusch-Hylospl (Mossy cool aspect)",30.4080574712644,70.1149425287356,13.2183908045977,NA,"cd",1.66666666666667,"1"
"PSEUSPI","SUBASS Fd-Pseuspi-Calarub(Junicom)",11.8361111111111,94.4444444444444,"ASSOC Pseumen-Calarub-Pleusch-Hylospl (Mossy cool aspect)",0.352873563218391,20.6896551724138,73.7547892720306,NA,"cd",3.77777777777778,"6"
"ACHIMIL","SUBASS Fd-Pseuspi-Calarub(Junicom)",0.580555555555555,69.4444444444444,"ASSOC Fd-Calarub-Pleusch(IDFxm zonal)",0.197297297297297,72.972972972973,3.52852852852853,NA,"cm",0,"7"
"JUNICOM","SUBASS Fd-Pseuspi-Calarub(Junicom)",3.525,61.1111111111111,"ASSOC Fd-Calarub-Pleusch(IDFxm zonal)",1.62162162162162,35.1351351351351,25.975975975976,NA,"c",0.611111111111111,"3"
"PSEUMEN","SUBASS Fd-Pseuspi-Calarub(Junicom)",18.1166666666667,83.3333333333333,"ASSOC Fd-Calarub-Pleusch(IDFxm zonal)",46.4648648648649,100,16.6666666666667,NA,"cd",1.66666666666667,"1"
"PSEUSPI","SUBASS Fd-Pseuspi-Calarub(Junicom)",11.8361111111111,94.4444444444444,"ASSOC Fd-Calarub-Pleusch(IDFxm zonal)",1.41891891891892,43.2432432432432,51.2012012012012,NA,"cd",1.88888888888889,"6"
"ACHIMIL","SUBASS Fd-Pseuspi-Calarub(Junicom)",0.580555555555555,69.4444444444444,"%ASSOC BlFd - Acergla (ESSFs xeric)",0.75,66.6666666666667,2.77777777777779,NA,"cm",0,"7"
"JUNICOM","SUBASS Fd-Pseuspi-Calarub(Junicom)",3.525,61.1111111111111,"%ASSOC BlFd - Acergla (ESSFs xeric)",1.33333333333333,16.6666666666667,44.4444444444444,NA,"c",0.611111111111111,"3"
"PSEUMEN","SUBASS Fd-Pseuspi-Calarub(Junicom)",18.1166666666667,83.3333333333333,"%ASSOC BlFd - Acergla (ESSFs xeric)",7.16666666666667,50,33.3333333333333,NA,"cd",1.66666666666667,"1"
"PSEUSPI","SUBASS Fd-Pseuspi-Calarub(Junicom)",11.8361111111111,94.4444444444444,"%ASSOC BlFd - Acergla (ESSFs xeric)",0.5,33.3333333333333,61.1111111111111,NA,"cd",3.77777777777778,"6"
"ACHIMIL","SUBASS Fd-Pseuspi-Calarub(Junicom)",0.580555555555555,69.4444444444444,"%ASSOC Pseumen-Acergla-Pensfru",0.125,25,44.4444444444444,NA,"cm",0,"7"
"JUNICOM","SUBASS Fd-Pseuspi-Calarub(Junicom)",3.525,61.1111111111111,"%ASSOC Pseumen-Acergla-Pensfru",1.375,50,11.1111111111111,NA,"c",0.611111111111111,"3"
"PSEUMEN","SUBASS Fd-Pseuspi-Calarub(Junicom)",18.1166666666667,83.3333333333333,"%ASSOC Pseumen-Acergla-Pensfru",3.75,25,58.3333333333333,NA,"cd",1.66666666666667,"1"
"PSEUSPI","SUBASS Fd-Pseuspi-Calarub(Junicom)",11.8361111111111,94.4444444444444,"%ASSOC Pseumen-Acergla-Pensfru",2.25,100,5.55555555555556,NA,"cd",1.88888888888889,"6"
"ACHIMIL","SUBASS Fd-Pseuspi-Calarub(Junicom)",0.580555555555555,69.4444444444444,"ASSOC Pseumen-Spirbet-Hylospl (IDFdc)",0.0172413793103448,3.44827586206897,65.9961685823755,NA,"cm",1.38888888888889,"7"
"JUNICOM","SUBASS Fd-Pseuspi-Calarub(Junicom)",3.525,61.1111111111111,"ASSOC Pseumen-Spirbet-Hylospl (IDFdc)",0.206896551724138,17.2413793103448,43.8697318007663,NA,"c",0.611111111111111,"3"
"PSEUMEN","SUBASS Fd-Pseuspi-Calarub(Junicom)",18.1166666666667,83.3333333333333,"ASSOC Pseumen-Spirbet-Hylospl (IDFdc)",9.04137931034483,24.1379310344828,59.1954022988506,NA,"cd",1.66666666666667,"1"
"PSEUSPI","SUBASS Fd-Pseuspi-Calarub(Junicom)",11.8361111111111,94.4444444444444,"ASSOC Pseumen-Spirbet-Hylospl (IDFdc)",0.0172413793103448,3.44827586206897,90.9961685823755,6,"cd",4.72222222222222,"6"
"ACHIMIL","SUBASS Fd-Pseuspi-Calarub(Junicom)",0.580555555555555,69.4444444444444,"SUBASS FdPl-Calarub-Linnbor (low Pleur)",0.05,25,44.4444444444444,NA,"cm",0,"7"
"JUNICOM","SUBASS Fd-Pseuspi-Calarub(Junicom)",3.525,61.1111111111111,"SUBASS FdPl-Calarub-Linnbor (low Pleur)",4.5,25,36.1111111111111,NA,"c",0.611111111111111,"3"
"PSEUMEN","SUBASS Fd-Pseuspi-Calarub(Junicom)",18.1166666666667,83.3333333333333,"SUBASS FdPl-Calarub-Linnbor (low Pleur)",14.625,25,58.3333333333333,NA,"cd",1.66666666666667,"1"
"PSEUSPI","SUBASS Fd-Pseuspi-Calarub(Junicom)",11.8361111111111,94.4444444444444,"SUBASS FdPl-Calarub-Linnbor (low Pleur)",0,0,94.4444444444444,6,"cd",4.72222222222222,"6"
"ACHIMIL","SUBASS Fd-Pseuspi-Calarub(Junicom)",0.580555555555555,69.4444444444444,"SUBASS FdPl-Calarub-Pleusch (typic)",0.23875,31.25,38.1944444444444,NA,"cm",0,"7"
"JUNICOM","SUBASS Fd-Pseuspi-Calarub(Junicom)",3.525,61.1111111111111,"SUBASS FdPl-Calarub-Pleusch (typic)",0.6025,27.5,33.6111111111111,NA,"c",0.611111111111111,"3"
"PSEUMEN","SUBASS Fd-Pseuspi-Calarub(Junicom)",18.1166666666667,83.3333333333333,"SUBASS FdPl-Calarub-Pleusch (typic)",13.1025,40,43.3333333333333,NA,"cd",1.66666666666667,"1"
"PSEUSPI","SUBASS Fd-Pseuspi-Calarub(Junicom)",11.8361111111111,94.4444444444444,"SUBASS FdPl-Calarub-Pleusch (typic)",0.02125,2.5,91.9444444444444,6,"cd",4.72222222222222,"6"
"ACHIMIL","SUBASS Fd-Pseuspi-Calarub(Junicom)",0.580555555555555,69.4444444444444,"SUBASS FdLw-Calarub-Arctuva(typic)",0.525813953488372,69.7674418604651,0.322997416020669,NA,"cm",0,"7"
"JUNICOM","SUBASS Fd-Pseuspi-Calarub(Junicom)",3.525,61.1111111111111,"SUBASS FdLw-Calarub-Arctuva(typic)",3.42093023255814,44.1860465116279,16.9250645994832,NA,"c",0.611111111111111,"3"
"PSEUMEN","SUBASS Fd-Pseuspi-Calarub(Junicom)",18.1166666666667,83.3333333333333,"SUBASS FdLw-Calarub-Arctuva(typic)",25.4423255813953,88.3720930232558,5.03875968992247,NA,"cd",1.66666666666667,"1"
"PSEUSPI","SUBASS Fd-Pseuspi-Calarub(Junicom)",11.8361111111111,94.4444444444444,"SUBASS FdLw-Calarub-Arctuva(typic)",1.55813953488372,34.8837209302326,59.5607235142119,NA,"cd",1.88888888888889,"6"
"ACHIMIL","SUBASS Fd-Pseuspi-Calarub(Junicom)",0.580555555555555,69.4444444444444,"SUBASS Fd-Junicom(typic)",0.208571428571429,71.4285714285714,1.98412698412699,NA,"cm",0,"7"
"JUNICOM","SUBASS Fd-Pseuspi-Calarub(Junicom)",3.525,61.1111111111111,"SUBASS Fd-Junicom(typic)",5.5,71.4285714285714,10.3174603174603,NA,"c",0.611111111111111,"3"
"PSEUMEN","SUBASS Fd-Pseuspi-Calarub(Junicom)",18.1166666666667,83.3333333333333,"SUBASS Fd-Junicom(typic)",14.6857142857143,92.8571428571429,9.52380952380952,NA,"cd",1.66666666666667,"1"
"PSEUSPI","SUBASS Fd-Pseuspi-Calarub(Junicom)",11.8361111111111,94.4444444444444,"SUBASS Fd-Junicom(typic)",3.02142857142857,64.2857142857143,30.1587301587302,NA,"cd",1.88888888888889,"6"
"ACHIMIL","SUBASS Fd-Pseuspi-Calarub(Junicom)",0.580555555555555,69.4444444444444,"SUBASS Fd-Junicom(Acergla)",0.2190625,43.75,25.6944444444444,NA,"cm",0,"7"
"JUNICOM","SUBASS Fd-Pseuspi-Calarub(Junicom)",3.525,61.1111111111111,"SUBASS Fd-Junicom(Acergla)",4,81.25,20.1388888888889,NA,"c",0.611111111111111,"3"
"PSEUMEN","SUBASS Fd-Pseuspi-Calarub(Junicom)",18.1166666666667,83.3333333333333,"SUBASS Fd-Junicom(Acergla)",20.425,93.75,10.4166666666667,NA,"cd",1.66666666666667,"1"
"PSEUSPI","SUBASS Fd-Pseuspi-Calarub(Junicom)",11.8361111111111,94.4444444444444,"SUBASS Fd-Junicom(Acergla)",0.85,25,69.4444444444444,NA,"cd",3.77777777777778,"6"
"ACHIMIL","SUBASS Fd-Pseuspi-Calarub(Junicom)",0.580555555555555,69.4444444444444,"SUBASS Fd-Junicom-Arctuva(typic)",0.256666666666667,73.3333333333333,3.88888888888889,NA,"cm",0,"7"
"JUNICOM","SUBASS Fd-Pseuspi-Calarub(Junicom)",3.525,61.1111111111111,"SUBASS Fd-Junicom-Arctuva(typic)",6.88333333333333,70,8.88888888888889,NA,"c",0.611111111111111,"3"
"PSEUMEN","SUBASS Fd-Pseuspi-Calarub(Junicom)",18.1166666666667,83.3333333333333,"SUBASS Fd-Junicom-Arctuva(typic)",15.9133333333333,83.3333333333333,0,NA,"cd",1.66666666666667,"1"
"PSEUSPI","SUBASS Fd-Pseuspi-Calarub(Junicom)",11.8361111111111,94.4444444444444,"SUBASS Fd-Junicom-Arctuva(typic)",0.82,30,64.4444444444444,NA,"cd",3.77777777777778,"6"
"ACHIMIL","SUBASS Fd-Pseuspi-Calarub(Junicom)",0.580555555555555,69.4444444444444,"SUBASS Py-Pseuspi-Festcam(Balssag)",0.538461538461538,79.4871794871795,10.042735042735,NA,"cm",0,"7"
"JUNICOM","SUBASS Fd-Pseuspi-Calarub(Junicom)",3.525,61.1111111111111,"SUBASS Py-Pseuspi-Festcam(Balssag)",0.0769230769230769,2.56410256410256,58.5470085470086,NA,"c",0.611111111111111,"3"
"PSEUMEN","SUBASS Fd-Pseuspi-Calarub(Junicom)",18.1166666666667,83.3333333333333,"SUBASS Py-Pseuspi-Festcam(Balssag)",4.06410256410256,35.8974358974359,47.4358974358974,NA,"cd",1.66666666666667,"1"
"PSEUSPI","SUBASS Fd-Pseuspi-Calarub(Junicom)",11.8361111111111,94.4444444444444,"SUBASS Py-Pseuspi-Festcam(Balssag)",23,100,5.55555555555556,NA,"cd",1.88888888888889,"6"
"ACHIMIL","SUBASS Fd-Pseuspi-Calarub(Junicom)",0.580555555555555,69.4444444444444,"SUBASS Py-Pseuspi-Festcam(typic)",1.35,92.8571428571429,23.4126984126984,NA,"cm",0,"7"
"JUNICOM","SUBASS Fd-Pseuspi-Calarub(Junicom)",3.525,61.1111111111111,"SUBASS Py-Pseuspi-Festcam(typic)",0.125,10.7142857142857,50.3968253968254,NA,"c",0.611111111111111,"3"
"PSEUMEN","SUBASS Fd-Pseuspi-Calarub(Junicom)",18.1166666666667,83.3333333333333,"SUBASS Py-Pseuspi-Festcam(typic)",7.00357142857143,50,33.3333333333333,NA,"cd",1.66666666666667,"1"
"PSEUSPI","SUBASS Fd-Pseuspi-Calarub(Junicom)",11.8361111111111,94.4444444444444,"SUBASS Py-Pseuspi-Festcam(typic)",15.8392857142857,100,5.55555555555556,NA,"cd",1.88888888888889,"6"
"ACHIMIL","SUBASS Fd-Pseuspi-Calarub(Junicom)",0.580555555555555,69.4444444444444,"SUBASS PyFd-Pseuspi(Balssag)",0.401724137931035,67.2413793103448,2.20306513409962,NA,"cm",0,"7"
"JUNICOM","SUBASS Fd-Pseuspi-Calarub(Junicom)",3.525,61.1111111111111,"SUBASS PyFd-Pseuspi(Balssag)",0.198275862068966,17.2413793103448,43.8697318007663,NA,"c",0.611111111111111,"3"
"PSEUMEN","SUBASS Fd-Pseuspi-Calarub(Junicom)",18.1166666666667,83.3333333333333,"SUBASS PyFd-Pseuspi(Balssag)",12.5689655172414,81.0344827586207,2.29885057471266,NA,"cd",1.66666666666667,"1"
"PSEUSPI","SUBASS Fd-Pseuspi-Calarub(Junicom)",11.8361111111111,94.4444444444444,"SUBASS PyFd-Pseuspi(Balssag)",15.6103448275862,100,5.55555555555556,NA,"cd",1.88888888888889,"6"
"ACHIMIL","SUBASS Fd-Pseuspi-Calarub(Junicom)",0.580555555555555,69.4444444444444,"SUBASS Py(Fd)-Pseuspi(Ericnau)",0.667741935483871,82.258064516129,12.8136200716846,NA,"cm",0,"7"
"JUNICOM","SUBASS Fd-Pseuspi-Calarub(Junicom)",3.525,61.1111111111111,"SUBASS Py(Fd)-Pseuspi(Ericnau)",0.0806451612903226,6.45161290322581,54.6594982078853,NA,"c",0.611111111111111,"3"
"PSEUMEN","SUBASS Fd-Pseuspi-Calarub(Junicom)",18.1166666666667,83.3333333333333,"SUBASS Py(Fd)-Pseuspi(Ericnau)",2.16129032258065,40.3225806451613,43.0107526881721,NA,"cd",1.66666666666667,"1"
"PSEUSPI","SUBASS Fd-Pseuspi-Calarub(Junicom)",11.8361111111111,94.4444444444444,"SUBASS Py(Fd)-Pseuspi(Ericnau)",18.5967741935484,100,5.55555555555556,NA,"cd",1.88888888888889,"6"
"ACHIMIL","SUBASS Fd-Pseuspi-Calarub(Junicom)",0.580555555555555,69.4444444444444,"SUBASS Py-Pseuspi-(Balssag)",0.669230769230769,80.7692307692308,11.3247863247863,NA,"cm",0,"7"
"JUNICOM","SUBASS Fd-Pseuspi-Calarub(Junicom)",3.525,61.1111111111111,"SUBASS Py-Pseuspi-(Balssag)",0,0,61.1111111111111,NA,"c",1.83333333333333,"3"
"PSEUMEN","SUBASS Fd-Pseuspi-Calarub(Junicom)",18.1166666666667,83.3333333333333,"SUBASS Py-Pseuspi-(Balssag)",1.64230769230769,26.9230769230769,56.4102564102564,NA,"cd",1.66666666666667,"1"
"PSEUSPI","SUBASS Fd-Pseuspi-Calarub(Junicom)",11.8361111111111,94.4444444444444,"SUBASS Py-Pseuspi-(Balssag)",22.5384615384615,100,5.55555555555556,NA,"cd",1.88888888888889,"6"
"ACHIMIL","SUBASS Fd-Pseuspi-Calarub(Junicom)",0.580555555555555,69.4444444444444,"SUBASS Py(Fd)-Pseuspi-Seladen (rocky)",0.33,80,10.5555555555556,NA,"cm",0,"7"
"JUNICOM","SUBASS Fd-Pseuspi-Calarub(Junicom)",3.525,61.1111111111111,"SUBASS Py(Fd)-Pseuspi-Seladen (rocky)",9.4,30,31.1111111111111,NA,"c",0.611111111111111,"3"
"PSEUMEN","SUBASS Fd-Pseuspi-Calarub(Junicom)",18.1166666666667,83.3333333333333,"SUBASS Py(Fd)-Pseuspi-Seladen (rocky)",7.75,70,13.3333333333333,NA,"cd",1.66666666666667,"1"
"PSEUSPI","SUBASS Fd-Pseuspi-Calarub(Junicom)",11.8361111111111,94.4444444444444,"SUBASS Py(Fd)-Pseuspi-Seladen (rocky)",3.66,90,4.44444444444444,NA,"cd",1.88888888888889,"6"
"ACHIMIL","SUBASS Fd-Pseuspi-Calarub(Junicom)",0.580555555555555,69.4444444444444,"%ASSOC Pinupon-Phillew-Pseuspi",0.34,80,10.5555555555556,NA,"cm",0,"7"
"JUNICOM","SUBASS Fd-Pseuspi-Calarub(Junicom)",3.525,61.1111111111111,"%ASSOC Pinupon-Phillew-Pseuspi",0,0,61.1111111111111,NA,"c",1.83333333333333,"3"
"PSEUMEN","SUBASS Fd-Pseuspi-Calarub(Junicom)",18.1166666666667,83.3333333333333,"%ASSOC Pinupon-Phillew-Pseuspi",2.9,40,43.3333333333333,NA,"cd",1.66666666666667,"1"
"PSEUSPI","SUBASS Fd-Pseuspi-Calarub(Junicom)",11.8361111111111,94.4444444444444,"%ASSOC Pinupon-Phillew-Pseuspi",7.8,80,14.4444444444444,NA,"cd",1.88888888888889,"6"
"ACHIMIL","SUBASS Fd-Pseuspi-Calarub(Junicom)",0.580555555555555,69.4444444444444,"ASSOC Pinupon-Seladen-Lichens",0.166666666666667,33.3333333333333,36.1111111111111,NA,"cm",0,"7"
"JUNICOM","SUBASS Fd-Pseuspi-Calarub(Junicom)",3.525,61.1111111111111,"ASSOC Pinupon-Seladen-Lichens",0,0,61.1111111111111,NA,"c",1.83333333333333,"3"
"PSEUMEN","SUBASS Fd-Pseuspi-Calarub(Junicom)",18.1166666666667,83.3333333333333,"ASSOC Pinupon-Seladen-Lichens",9.83333333333333,88.8888888888889,5.55555555555554,NA,"cd",1.66666666666667,"1"
"PSEUSPI","SUBASS Fd-Pseuspi-Calarub(Junicom)",11.8361111111111,94.4444444444444,"ASSOC Pinupon-Seladen-Lichens",9.66666666666667,100,5.55555555555556,NA,"cd",1.88888888888889,"6"
"CALARUB","ASSOC Pseumen-Calarub-Pleusch-Hylospl (Mossy cool aspect)",19.0862068965517,94.2528735632184,"%ASSOC Pseumen(Pinucon)-Paximyr-Calarub",7.42857142857143,71.4285714285714,22.824302134647,NA,"cd",1.88505747126437,"6"
"EURYCON","ASSOC Pseumen-Calarub-Pleusch-Hylospl (Mossy cool aspect)",3.4816091954023,70.1149425287356,"%ASSOC Pseumen(Pinucon)-Paximyr-Calarub",0.0728571428571429,28.5714285714286,41.5435139573071,NA,"c",0.701149425287356,"7"
"HYLOSPL","ASSOC Pseumen-Calarub-Pleusch-Hylospl (Mossy cool aspect)",14.5252873563218,67.816091954023,"%ASSOC Pseumen(Pinucon)-Paximyr-Calarub",0.357142857142857,28.5714285714286,39.2446633825944,NA,"cd",0.67816091954023,"9"
"PLEUSCH","ASSOC Pseumen-Calarub-Pleusch-Hylospl (Mossy cool aspect)",20.5241379310345,71.264367816092,"%ASSOC Pseumen(Pinucon)-Paximyr-Calarub",13.1428571428571,42.8571428571429,28.4072249589491,NA,"cd",0.71264367816092,"9"
"PSEUMEN","ASSOC Pseumen-Calarub-Pleusch-Hylospl (Mossy cool aspect)",30.4080574712644,70.1149425287356,"%ASSOC Pseumen(Pinucon)-Paximyr-Calarub",20.3428571428571,100,29.8850574712644,NA,"cd",1.40229885057471,"1"
"SPIRLUC","ASSOC Pseumen-Calarub-Pleusch-Hylospl (Mossy cool aspect)",4.10689655172414,68.9655172413793,"%ASSOC Pseumen(Pinucon)-Paximyr-Calarub",1.64285714285714,57.1428571428571,11.8226600985222,NA,"c",0.689655172413793,"4"
"BRACHYT","ASSOC Pseumen-Spirbet-Hylospl (IDFdc)",2.93103448275862,65.5172413793103,"SUBASS FdPl-Calarub-Pleusch (typic)",1.545,26.25,39.2672413793103,NA,"c",0.327586206896552,"9"
"GOODOBL","ASSOC Pseumen-Spirbet-Hylospl (IDFdc)",0.437931034482759,68.9655172413793,"SUBASS FdPl-Calarub-Pleusch (typic)",0.57875,56.25,12.7155172413793,NA,"cm",0,"7"
"ORTHSEC","ASSOC Pseumen-Spirbet-Hylospl (IDFdc)",2.06551724137931,86.2068965517241,"SUBASS FdPl-Calarub-Pleusch (typic)",0.59375,42.5,43.7068965517241,NA,"c",0.862068965517241,"7"
"PAXIMYR","ASSOC Pseumen-Spirbet-Hylospl (IDFdc)",3.91379310344828,68.9655172413793,"SUBASS FdPl-Calarub-Pleusch (typic)",0.1825,13.75,55.2155172413793,NA,"c",0.689655172413793,"3"
"PELTAPH","ASSOC Pseumen-Spirbet-Hylospl (IDFdc)",2.36206896551724,82.7586206896552,"SUBASS FdPl-Calarub-Pleusch (typic)",3.59875,78.75,4.00862068965517,NA,"c",0.413793103448276,"11"
"PLEUSCH","ASSOC Pseumen-Spirbet-Hylospl (IDFdc)",8.43103448275862,68.9655172413793,"SUBASS FdPl-Calarub-Pleusch (typic)",20.23375,92.5,23.5344827586207,NA,"c",0.344827586206897,"9"
"PSEUMEN1","ASSOC Pseumen-Spirbet-Hylospl (IDFdc)",34.8344827586207,75.8620689655172,"SUBASS FdPl-Calarub-Pleusch (typic)",30.2525,52.5,23.3620689655172,NA,"cd",1.51724137931034,"1"
"SPIRLUC","ASSOC Pseumen-Spirbet-Hylospl (IDFdc)",7.98275862068965,89.6551724137931,"SUBASS FdPl-Calarub-Pleusch (typic)",1.93,51.25,38.4051724137931,NA,"c",0.896551724137931,"4"
"CALARUB","SUBASS FdPl-Calarub-Pleusch (typic)",39.275,100,"SUBASS Fd-Junicom(Acergla)",2.40625,56.25,43.75,NA,"cd",2,"6"
"EURYCON","SUBASS FdPl-Calarub-Pleusch (typic)",2.48625,60,"SUBASS Fd-Junicom(Acergla)",0.34375,12.5,47.5,NA,"c",0.6,"7"
"LINNBOR","SUBASS FdPl-Calarub-Pleusch (typic)",7.23,73.75,"SUBASS Fd-Junicom(Acergla)",0.16875,18.75,55,NA,"c",0.7375,"12"
"PELTAPH","SUBASS FdPl-Calarub-Pleusch (typic)",3.59875,78.75,"SUBASS Fd-Junicom(Acergla)",0.60625,37.5,41.25,NA,"c",0.39375,"11"
"PLEUSCH","SUBASS FdPl-Calarub-Pleusch (typic)",20.23375,92.5,"SUBASS Fd-Junicom(Acergla)",0.03125,6.25,86.25,7,"cd",2.3125,"9"
"SHEPCAN","SUBASS FdPl-Calarub-Pleusch (typic)",3.95625,63.75,"SUBASS Fd-Junicom(Acergla)",0.29375,31.25,32.5,NA,"c",0.6375,"4"
"ARCTUVA","ASSOC Pseumen(Pinucon)-Calarub-Arctuva",9.13,82.2222222222222,"SUBASS Fd-Junicom(Acergla)",2.7825,56.25,25.9722222222222,NA,"c",0.822222222222222,"12"
"CALARUB","ASSOC Pseumen(Pinucon)-Calarub-Arctuva",34.0111111111111,98.8888888888889,"SUBASS Fd-Junicom(Acergla)",2.40625,56.25,42.6388888888889,NA,"cd",1.97777777777778,"6"
"EURYCON","ASSOC Pseumen(Pinucon)-Calarub-Arctuva",2.62111111111111,66.6666666666667,"SUBASS Fd-Junicom(Acergla)",0.34375,12.5,54.1666666666667,NA,"c",0.666666666666667,"7"
"PSEUMEN","ASSOC Pseumen(Pinucon)-Calarub-Arctuva",18.5056666666667,65.5555555555556,"SUBASS Fd-Junicom(Acergla)",20.425,93.75,28.1944444444444,NA,"cd",1.31111111111111,"1"
"SHEPCAN","ASSOC Pseumen(Pinucon)-Calarub-Arctuva",3.43,67.7777777777778,"SUBASS Fd-Junicom(Acergla)",0.29375,31.25,36.5277777777778,NA,"c",0.677777777777778,"4"
"SPIRLUC","ASSOC Pseumen(Pinucon)-Calarub-Arctuva",4.84777777777778,76.6666666666667,"SUBASS Fd-Junicom(Acergla)",0.6875,31.25,45.4166666666667,NA,"c",0.766666666666667,"4"
"ACHIMIL","SUBASS FdLw-Calarub-Arctuva(typic)",0.525813953488372,69.7674418604651,"SUBASS Fd-Junicom(Acergla)",0.2190625,43.75,26.0174418604651,NA,"cm",0,"7"
"AMELALN","SUBASS FdLw-Calarub-Arctuva(typic)",2.05116279069767,60.4651162790698,"SUBASS Fd-Junicom(Acergla)",1.28125,68.75,8.28488372093024,NA,"c",0.604651162790698,"4"
"ARCTUVA","SUBASS FdLw-Calarub-Arctuva(typic)",8.87906976744186,79.0697674418605,"SUBASS Fd-Junicom(Acergla)",2.7825,56.25,22.8197674418605,NA,"c",0.790697674418605,"12"
"CALARUB","SUBASS FdLw-Calarub-Arctuva(typic)",30.1139534883721,97.6744186046512,"SUBASS Fd-Junicom(Acergla)",2.40625,56.25,41.4244186046512,NA,"cd",1.95348837209302,"6"
"PSEUMEN","SUBASS FdLw-Calarub-Arctuva(typic)",25.4423255813953,88.3720930232558,"SUBASS Fd-Junicom(Acergla)",20.425,93.75,5.37790697674419,NA,"cd",1.76744186046512,"1"
"SHEPCAN","SUBASS FdLw-Calarub-Arctuva(typic)",3.65116279069767,65.1162790697674,"SUBASS Fd-Junicom(Acergla)",0.29375,31.25,33.8662790697674,NA,"c",0.651162790697674,"4"
"SPIRLUC","SUBASS FdLw-Calarub-Arctuva(typic)",4.41162790697674,69.7674418604651,"SUBASS Fd-Junicom(Acergla)",0.6875,31.25,38.5174418604651,NA,"c",0.697674418604651,"4"
"ACERGLA","SUBASS Fd-Junicom(Acergla)",5.65625,81.25,"SUBASS Fd-Junicom-Arctuva(typic)",0.2,6.66666666666667,74.5833333333333,NA,"c",2.4375,"4"
"AMELALN","SUBASS Fd-Junicom(Acergla)",1.28125,68.75,"SUBASS Fd-Junicom-Arctuva(typic)",0.786666666666667,43.3333333333333,25.4166666666667,NA,"c",0.6875,"4"
"JUNICOM","SUBASS Fd-Junicom(Acergla)",4,81.25,"SUBASS Fd-Junicom-Arctuva(typic)",6.88333333333333,70,11.25,NA,"c",0.8125,"3"
"PSEUMEN","SUBASS Fd-Junicom(Acergla)",20.425,93.75,"SUBASS Fd-Junicom-Arctuva(typic)",15.9133333333333,83.3333333333333,10.4166666666667,NA,"cd",1.875,"1"
"ACERGLA","SUBASS Fd-Junicom(Acergla)",5.65625,81.25,"SUBASS Py-Pseuspi-Festcam(typic)",0.0178571428571429,3.57142857142857,77.6785714285714,NA,"c",2.4375,"4"
"AMELALN","SUBASS Fd-Junicom(Acergla)",1.28125,68.75,"SUBASS Py-Pseuspi-Festcam(typic)",0.935714285714286,60.7142857142857,8.03571428571429,NA,"c",0.6875,"4"
"JUNICOM","SUBASS Fd-Junicom(Acergla)",4,81.25,"SUBASS Py-Pseuspi-Festcam(typic)",0.125,10.7142857142857,70.5357142857143,NA,"c",2.4375,"3"
"PSEUMEN","SUBASS Fd-Junicom(Acergla)",20.425,93.75,"SUBASS Py-Pseuspi-Festcam(typic)",7.00357142857143,50,43.75,NA,"cd",1.875,"1"
"ACERGLA","SUBASS Fd-Junicom(Acergla)",5.65625,81.25,"SUBASS Py(Fd)-Pseuspi(Ericnau)",0.0403225806451613,1.61290322580645,79.6370967741936,NA,"c",2.4375,"4"
"AMELALN","SUBASS Fd-Junicom(Acergla)",1.28125,68.75,"SUBASS Py(Fd)-Pseuspi(Ericnau)",1.5258064516129,64.5161290322581,4.23387096774194,NA,"c",0.6875,"4"
"JUNICOM","SUBASS Fd-Junicom(Acergla)",4,81.25,"SUBASS Py(Fd)-Pseuspi(Ericnau)",0.0806451612903226,6.45161290322581,74.7983870967742,NA,"c",2.4375,"3"
"PSEUMEN","SUBASS Fd-Junicom(Acergla)",20.425,93.75,"SUBASS Py(Fd)-Pseuspi(Ericnau)",2.16129032258065,40.3225806451613,53.4274193548387,NA,"cd",1.875,"1"
"ACERGLA","SUBASS Fd-Junicom(Acergla)",5.65625,81.25,"SUBASS Py(Fd)-Pseuspi-Seladen (rocky)",0.1,20,61.25,NA,"c",2.4375,"4"
"AMELALN","SUBASS Fd-Junicom(Acergla)",1.28125,68.75,"SUBASS Py(Fd)-Pseuspi-Seladen (rocky)",2,90,21.25,NA,"c",0.6875,"4"
"JUNICOM","SUBASS Fd-Junicom(Acergla)",4,81.25,"SUBASS Py(Fd)-Pseuspi-Seladen (rocky)",9.4,30,51.25,NA,"c",0.8125,"3"
"PSEUMEN","SUBASS Fd-Junicom(Acergla)",20.425,93.75,"SUBASS Py(Fd)-Pseuspi-Seladen (rocky)",7.75,70,23.75,NA,"cd",1.875,"1"
"ACHIMIL","SUBASS Py-Pseuspi-(Balssag)",0.669230769230769,80.7692307692308,"SUBASS Py(Fd)-Pseuspi-Seladen (rocky)",0.33,80,0.769230769230774,NA,"cm",0,"7"
"AMELALN","SUBASS Py-Pseuspi-(Balssag)",1.68846153846154,76.9230769230769,"SUBASS Py(Fd)-Pseuspi-Seladen (rocky)",2,90,13.0769230769231,NA,"c",0.769230769230769,"4"
"BALSSAG","SUBASS Py-Pseuspi-(Balssag)",6.00769230769231,88.4615384615385,"SUBASS Py(Fd)-Pseuspi-Seladen (rocky)",0.75,30,58.4615384615385,NA,"c",0.884615384615385,"7"
"PINUPON","SUBASS Py-Pseuspi-(Balssag)",22.5423076923077,100,"SUBASS Py(Fd)-Pseuspi-Seladen (rocky)",9.82,90,10,NA,"cd",2,"1"
"PSEUSPI","SUBASS Py-Pseuspi-(Balssag)",22.5384615384615,100,"SUBASS Py(Fd)-Pseuspi-Seladen (rocky)",3.66,90,10,NA,"cd",2,"6"
